university,discipline,condition,shown_database_size,shown_black_faculty,total_speakers,speakers_from_shown_db,percent_from_shown_db,used_shown_db,black_speakers,black_from_shown_db
Arizona State University,Mathematics,control,32,11,50,0,0.0,False,0,0
Arizona State University,Physics,treatment,32,9,81,0,0.0,False,2,0
Arizona State University,Chemistry,control,29,12,72,0,0.0,False,4,0
Arizona State University,Computer Science,treatment,0,0,0,0,0.0,False,0,0
Arizona State University,Mechanical Engineering,treatment,26,15,49,0,0.0,False,4,0
Auburn University,Mathematics,control,31,9,87,0,0.0,False,2,0
Auburn University,Mechanical Engineering,control,11,7,4,0,0.0,False,0,0
Auburn University,Chemistry,treatment,22,11,31,0,0.0,False,0,0
Auburn University,Computer Science,control,19,12,12,0,0.0,False,0,0
Baylor University,Mathematics,control,29,10,35,0,0.0,False,1,0
Baylor University,Physics,control,0,0,0,0,0.0,False,0,0
Baylor University,Chemistry,control,32,12,10,0,0.0,False,0,0
Binghamton University,Mathematics,control,28,10,124,0,0.0,False,1,0
Binghamton University,Computer Science,control,16,10,14,0,0.0,False,0,0
Binghamton University,Mechanical Engineering,control,16,8,6,0,0.0,False,0,0
Boston College,Mathematics,control,28,10,39,0,0.0,False,1,0
Boston College,Physics,treatment,26,11,23,0,0.0,False,1,0
Boston University,Physics,control,37,9,68,0,0.0,False,1,0
Boston University,Mathematics,treatment,33,11,76,0,0.0,False,2,0
Boston University,Computer Science,treatment,21,13,50,0,0.0,False,0,0
Boston University,Mechanical Engineering,control,17,10,13,0,0.0,False,1,0
Boston University,Chemistry,treatment,29,12,33,0,0.0,False,1,0
Brandeis University,Physics,treatment,27,8,41,0,0.0,False,1,0
Brandeis University,Computer Science,control,15,10,6,0,0.0,False,0,0
Brandeis University,Mathematics,treatment,30,11,65,0,0.0,False,4,0
Brown University,Physics,treatment,38,10,36,0,0.0,False,1,0
Brown University,Mechanical Engineering,treatment,28,16,15,0,0.0,False,0,0
Brown University,Mathematics,control,29,13,169,0,0.0,False,2,0
Brown University,Chemistry,control,29,12,71,1,0.014084507042253521,True,3,0
Brown University,Computer Science,control,23,12,33,0,0.0,False,0,0
California Institute of Technology,Physics,control,30,11,43,0,0.0,False,1,0
California Institute of Technology,Chemistry,control,12,8,52,0,0.0,False,0,0
California Institute of Technology,Mechanical Engineering,treatment,39,26,13,0,0.0,False,1,0
California Institute of Technology,Mathematics,control,24,11,79,0,0.0,False,2,0
California Institute of Technology,Computer Science,control,23,12,6,0,0.0,False,0,0
Carnegie Mellon University,Computer Science,control,14,9,144,0,0.0,False,2,0
Carnegie Mellon University,Mathematics,treatment,34,14,57,0,0.0,False,1,0
Carnegie Mellon University,Mechanical Engineering,control,47,31,4,1,0.25,True,0,0
Carnegie Mellon University,Chemistry,control,25,13,9,0,0.0,False,1,0
Case Western Reserve University,Physics,control,28,7,40,0,0.0,False,0,0
Case Western Reserve University,Mathematics,treatment,29,9,40,0,0.0,False,2,0
Case Western Reserve University,Computer Science,treatment,0,0,0,0,0.0,False,0,0
Case Western Reserve University,Chemistry,control,34,13,17,0,0.0,False,0,0
Clemson University,Mathematics,treatment,29,10,15,0,0.0,False,0,0
Clemson University,Mechanical Engineering,treatment,0,0,0,0,0.0,False,0,0
Clemson University,Physics,control,28,9,5,0,0.0,False,0,0
Clemson University,Computer Science,control,0,0,0,0,0.0,False,0,0
Clemson University,Chemistry,control,28,11,31,0,0.0,False,2,0
Colorado School of Mines,Physics,control,25,10,17,0,0.0,False,2,0
Colorado School of Mines,Mathematics,control,28,10,17,0,0.0,False,0,0
Colorado School of Mines,Mechanical Engineering,control,17,10,4,0,0.0,False,0,0
Colorado School of Mines,Computer Science,control,17,11,18,0,0.0,False,0,0
Colorado School of Mines,Chemistry,control,29,12,23,0,0.0,False,1,0
Colorado State University,Mathematics,treatment,30,11,66,0,0.0,False,4,0
Colorado State University,Chemistry,treatment,28,12,65,0,0.0,False,2,0
Colorado State University,Computer Science,control,16,10,33,0,0.0,False,0,0
Colorado State University,Physics,control,24,10,29,0,0.0,False,0,0
Columbia University,Mathematics,treatment,26,12,222,1,0.0045045045045045045,True,6,0
Columbia University,Computer Science,treatment,0,0,0,0,0.0,False,0,0
Columbia University,Physics,treatment,34,11,102,1,0.00980392156862745,True,2,0
Columbia University,Mechanical Engineering,treatment,30,17,5,0,0.0,False,0,0
Columbia University,Chemistry,treatment,16,10,25,0,0.0,False,1,0
Cornell University,Computer Science,control,19,11,144,1,0.006944444444444444,True,4,0
Cornell University,Mathematics,control,29,13,134,0,0.0,False,2,0
Cornell University,Physics,control,34,11,51,0,0.0,False,1,0
Cornell University,Mechanical Engineering,control,46,30,12,0,0.0,False,0,0
Cornell University,Chemistry,control,18,10,58,0,0.0,False,0,0
Dartmouth College,Mathematics,treatment,33,11,91,0,0.0,False,4,0
Dartmouth College,Physics,control,28,7,19,0,0.0,False,0,0
Dartmouth College,Chemistry,treatment,32,14,16,0,0.0,False,1,0
Drexel University,Mechanical Engineering,treatment,0,0,0,0,0.0,False,0,0
Drexel University,Mathematics,control,30,11,15,0,0.0,False,0,0
Duke University,Mathematics,control,29,13,28,0,0.0,False,0,0
Duke University,Chemistry,control,23,12,26,1,0.038461538461538464,True,1,0
Duke University,Computer Science,treatment,25,14,20,0,0.0,False,0,0
Duke University,Mechanical Engineering,control,35,20,21,0,0.0,False,0,0
Emory University,Physics,control,26,6,8,0,0.0,False,0,0
Emory University,Mathematics,treatment,35,12,24,0,0.0,False,2,0
Emory University,Chemistry,control,28,14,50,1,0.02,True,0,0
Florida International University,Physics,treatment,8,4,11,0,0.0,False,1,0
Florida International University,Chemistry,treatment,11,6,9,1,0.1111111111111111,True,0,0
Florida International University,Mathematics,treatment,28,11,32,1,0.03125,True,2,1
Florida State University,Physics,control,31,8,44,1,0.022727272727272728,True,0,0
Florida State University,Mathematics,treatment,30,8,68,0,0.0,False,1,0
Florida State University,Chemistry,control,31,13,120,0,0.0,False,12,0
Florida State University,Computer Science,treatment,17,11,15,0,0.0,False,0,0
Florida State University,Mechanical Engineering,treatment,13,7,9,0,0.0,False,1,0
George Mason University,Chemistry,treatment,11,6,14,0,0.0,False,1,0
George Mason University,Mathematics,control,29,11,71,0,0.0,False,1,0
George Mason University,Mechanical Engineering,treatment,12,5,12,0,0.0,False,0,0
George Mason University,Physics,control,14,5,26,0,0.0,False,0,0
George Mason University,Computer Science,control,20,13,2,0,0.0,False,0,0
George Washington University,Mathematics,control,29,11,20,0,0.0,False,2,0
George Washington University,Physics,treatment,0,0,0,0,0.0,False,0,0
George Washington University,Chemistry,treatment,21,11,16,0,0.0,False,1,0
Georgetown University,Physics,control,23,10,19,0,0.0,False,0,0
Georgetown University,Chemistry,control,21,11,24,0,0.0,False,3,0
Georgetown University,Mathematics,control,34,15,19,0,0.0,False,0,0
Georgia Institute of Technology,Physics,treatment,47,16,41,0,0.0,False,0,0
Georgia Institute of Technology,Chemistry,treatment,25,13,22,0,0.0,False,1,0
Georgia Institute of Technology,Computer Science,treatment,19,11,23,0,0.0,False,0,0
Georgia Institute of Technology,Mechanical Engineering,control,39,26,11,0,0.0,False,0,0
Georgia State University,Physics,control,11,3,18,0,0.0,False,1,0
Georgia State University,Chemistry,control,22,11,23,0,0.0,False,2,0
"Graduate Center, CUNY",Mathematics,treatment,39,14,314,0,0.0,False,3,0
"Graduate Center, CUNY",Mechanical Engineering,treatment,11,5,10,0,0.0,False,0,0
Harvard University,Computer Science,treatment,23,12,37,0,0.0,False,0,0
Harvard University,Physics,treatment,30,11,86,0,0.0,False,0,0
Harvard University,Mechanical Engineering,control,49,30,11,0,0.0,False,0,0
Harvard University,Chemistry,treatment,13,9,18,0,0.0,False,1,0
Indiana University Bloomington,Chemistry,control,26,13,27,0,0.0,False,1,0
Indiana University Bloomington,Mathematics,treatment,41,17,96,0,0.0,False,1,0
Indiana University Bloomington,Physics,control,29,7,24,0,0.0,False,1,0
Iowa State University,Mathematics,control,30,9,66,0,0.0,False,2,0
Iowa State University,Chemistry,control,29,12,53,0,0.0,False,0,0
Iowa State University,Computer Science,control,20,13,6,0,0.0,False,0,0
Iowa State University,Physics,treatment,25,6,20,0,0.0,False,0,0
Iowa State University,Mechanical Engineering,control,26,15,2,0,0.0,False,0,0
Johns Hopkins University,Chemistry,control,25,13,12,0,0.0,False,0,0
Johns Hopkins University,Physics,control,38,14,118,1,0.00847457627118644,True,0,0
Johns Hopkins University,Mathematics,control,34,15,95,0,0.0,False,3,0
Johns Hopkins University,Mechanical Engineering,control,48,31,31,0,0.0,False,0,0
Johns Hopkins University,Computer Science,control,24,13,37,0,0.0,False,0,0
Kansas State University,Physics,treatment,18,8,52,0,0.0,False,0,0
Kansas State University,Chemistry,treatment,28,12,10,0,0.0,False,1,0
Kansas State University,Mathematics,treatment,28,11,27,0,0.0,False,0,0
Kent State University,Mathematics,control,17,8,51,0,0.0,False,0,0
Kent State University,Chemistry,treatment,10,6,11,0,0.0,False,0,0
Kent State University,Physics,control,17,6,36,0,0.0,False,0,0
Louisiana State University,Mathematics,treatment,29,10,132,0,0.0,False,1,0
Louisiana State University,Chemistry,treatment,28,12,65,0,0.0,False,6,0
Louisiana State University,Physics,control,25,11,36,0,0.0,False,0,0
Louisiana State University,Computer Science,control,13,7,8,0,0.0,False,0,0
Massachusetts Institute of Technology,Mathematics,control,16,7,220,0,0.0,False,4,0
Massachusetts Institute of Technology,Chemistry,treatment,12,8,53,0,0.0,False,2,0
Massachusetts Institute of Technology,Physics,treatment,28,10,128,1,0.0078125,True,1,0
Massachusetts Institute of Technology,Computer Science,control,14,9,69,0,0.0,False,0,0
Massachusetts Institute of Technology,Mechanical Engineering,treatment,39,26,12,0,0.0,False,0,0
Michigan State University,Physics,control,35,8,51,0,0.0,False,1,0
Michigan State University,Mathematics,control,35,13,211,0,0.0,False,1,0
Michigan State University,Computer Science,control,19,13,19,0,0.0,False,0,0
Michigan State University,Chemistry,treatment,26,13,7,0,0.0,False,0,0
Mississippi State University,Chemistry,treatment,15,9,11,0,0.0,False,1,0
Mississippi State University,Physics,treatment,17,6,23,0,0.0,False,2,0
Mississippi State University,Computer Science,control,7,3,1,0,0.0,False,0,0
Mississippi State University,Mathematics,treatment,12,5,9,0,0.0,False,0,0
Montana State University,Mathematics,treatment,17,8,41,0,0.0,False,1,0
Montana State University,Computer Science,control,3,1,11,0,0.0,False,0,0
Montana State University,Physics,control,14,5,7,0,0.0,False,0,0
Montana State University,Chemistry,treatment,22,11,25,0,0.0,False,2,0
New Jersey Institute of Technology,Computer Science,control,18,11,29,0,0.0,False,0,0
New Jersey Institute of Technology,Mathematics,treatment,29,11,35,0,0.0,False,0,0
New Jersey Institute of Technology,Physics,treatment,11,3,30,0,0.0,False,0,0
New York University,Mathematics,control,25,11,141,0,0.0,False,2,0
New York University,Physics,treatment,41,15,138,2,0.014492753623188406,True,2,2
New York University,Chemistry,control,31,12,37,1,0.02702702702702703,True,0,0
New York University,Computer Science,treatment,23,12,67,0,0.0,False,1,0
North Carolina State University,Mathematics,treatment,35,12,73,0,0.0,False,1,0
North Carolina State University,Chemistry,control,30,13,66,0,0.0,False,3,0
North Carolina State University,Physics,control,28,9,30,0,0.0,False,1,0
North Carolina State University,Mechanical Engineering,control,25,14,13,0,0.0,False,0,0
North Carolina State University,Computer Science,control,19,13,29,0,0.0,False,1,0
North Dakota State University,Mathematics,treatment,8,4,23,0,0.0,False,0,0
North Dakota State University,Physics,treatment,8,4,5,0,0.0,False,0,0
North Dakota State University,Computer Science,control,0,0,0,0,0.0,False,0,0
Northeastern University,Computer Science,treatment,25,12,23,0,0.0,False,0,0
Northeastern University,Mathematics,treatment,34,12,21,0,0.0,False,0,0
Northeastern University,Physics,treatment,28,7,16,0,0.0,False,0,0
Northeastern University,Chemistry,control,31,12,14,0,0.0,False,1,0
Northwestern University,Mathematics,treatment,29,13,73,0,0.0,False,1,0
Northwestern University,Computer Science,control,30,17,19,0,0.0,False,1,0
Ohio State University,Mathematics,treatment,38,17,201,0,0.0,False,1,0
Ohio State University,Physics,treatment,40,14,143,0,0.0,False,5,0
Ohio State University,Chemistry,treatment,25,13,48,0,0.0,False,1,0
Ohio University,Physics,treatment,20,8,37,0,0.0,False,1,0
Ohio University,Chemistry,control,18,10,2,0,0.0,False,0,0
Ohio University,Mathematics,treatment,0,0,0,0,0.0,False,0,0
Oklahoma State University-Stillwater,Mathematics,control,29,11,85,1,0.011764705882352941,True,0,0
Oklahoma State University-Stillwater,Chemistry,treatment,16,9,4,0,0.0,False,0,0
Oklahoma State University-Stillwater,Physics,control,12,3,1,0,0.0,False,0,0
Old Dominion University,Chemistry,treatment,11,6,34,0,0.0,False,1,0
Old Dominion University,Computer Science,control,3,1,31,0,0.0,False,2,0
Old Dominion University,Physics,control,16,6,9,0,0.0,False,0,0
Old Dominion University,Mathematics,control,0,0,0,0,0.0,False,0,0
Oregon State University,Computer Science,control,15,8,31,0,0.0,False,0,0
Oregon State University,Mathematics,treatment,28,11,131,0,0.0,False,0,0
Oregon State University,Mechanical Engineering,treatment,9,5,41,0,0.0,False,4,0
Oregon State University,Physics,control,15,6,39,0,0.0,False,1,0
Oregon State University,Chemistry,control,31,13,5,0,0.0,False,0,0
Pennsylvania State University,Mathematics,control,40,17,187,0,0.0,False,1,0
Pennsylvania State University,Physics,control,45,15,23,1,0.043478260869565216,True,1,1
Pennsylvania State University,Mechanical Engineering,control,54,34,15,0,0.0,False,1,0
Pennsylvania State University,Chemistry,treatment,28,14,32,0,0.0,False,2,0
Princeton University,Mathematics,control,18,8,328,0,0.0,False,4,0
Princeton University,Chemistry,treatment,15,10,40,0,0.0,False,0,0
Princeton University,Physics,control,32,11,40,1,0.025,True,0,0
Princeton University,Mechanical Engineering,control,46,30,14,1,0.07142857142857142,True,1,0
Princeton University,Computer Science,treatment,22,12,14,0,0.0,False,0,0
Purdue University,Physics,control,36,8,82,0,0.0,False,0,0
Purdue University,Mathematics,treatment,41,18,128,0,0.0,False,2,0
Purdue University,Chemistry,control,23,12,95,0,0.0,False,5,0
Purdue University,Computer Science,treatment,23,12,73,0,0.0,False,1,0
Purdue University,Mechanical Engineering,treatment,46,30,8,0,0.0,False,0,0
Rensselaer Polytechnic Institute,Mathematics,treatment,31,10,18,0,0.0,False,0,0
Rensselaer Polytechnic Institute,Chemistry,treatment,28,11,9,0,0.0,False,1,0
Rensselaer Polytechnic Institute,Mechanical Engineering,treatment,29,17,13,0,0.0,False,0,0
Rensselaer Polytechnic Institute,Physics,control,27,7,20,0,0.0,False,0,0
Rensselaer Polytechnic Institute,Computer Science,control,21,14,5,0,0.0,False,0,0
Rice University,Mathematics,treatment,37,16,73,0,0.0,False,3,0
Rice University,Physics,treatment,45,15,39,0,0.0,False,0,0
Rice University,Computer Science,control,28,16,9,0,0.0,False,0,0
Rice University,Chemistry,treatment,23,12,45,0,0.0,False,2,0
Rice University,Mechanical Engineering,treatment,32,18,8,0,0.0,False,1,0
Rutgers University-New Brunswick,Physics,control,39,12,188,0,0.0,False,0,0
Rutgers University-New Brunswick,Mathematics,control,38,17,173,0,0.0,False,1,0
Rutgers University-New Brunswick,Computer Science,treatment,24,14,27,0,0.0,False,0,0
Rutgers University-New Brunswick,Chemistry,treatment,30,13,31,1,0.03225806451612903,True,1,1
Rutgers University-New Brunswick,Mechanical Engineering,treatment,17,10,14,0,0.0,False,1,0
Stanford University,Chemistry,treatment,14,10,46,0,0.0,False,1,0
Stanford University,Mathematics,treatment,19,9,225,0,0.0,False,4,0
Stanford University,Physics,control,28,10,22,0,0.0,False,1,0
Stony Brook University,Physics,treatment,43,15,158,0,0.0,False,2,0
Stony Brook University,Mathematics,control,36,16,96,0,0.0,False,1,0
Stony Brook University,Chemistry,control,30,13,51,0,0.0,False,1,0
Stony Brook University,Computer Science,control,23,14,14,0,0.0,False,0,0
Syracuse University,Physics,treatment,28,7,44,0,0.0,False,4,0
Syracuse University,Chemistry,treatment,29,13,8,0,0.0,False,1,0
Temple University,Mathematics,control,27,9,109,0,0.0,False,4,0
Temple University,Physics,treatment,18,6,1,0,0.0,False,0,0
Temple University,Chemistry,treatment,30,12,6,0,0.0,False,1,0
Texas A&M University,Mathematics,treatment,41,17,131,1,0.007633587786259542,True,2,1
Texas A&M University,Chemistry,treatment,23,12,70,0,0.0,False,1,0
Texas A&M University,Computer Science,control,23,14,4,0,0.0,False,0,0
Texas A&M University,Mechanical Engineering,treatment,51,33,12,0,0.0,False,1,0
Texas A&M University,Physics,treatment,0,0,0,0,0.0,False,0,0
Texas Tech University,Computer Science,treatment,3,1,14,0,0.0,False,0,0
Texas Tech University,Chemistry,treatment,22,11,28,0,0.0,False,2,0
Texas Tech University,Mathematics,control,26,9,40,0,0.0,False,1,0
Texas Tech University,Mechanical Engineering,treatment,16,8,10,0,0.0,False,0,0
Texas Tech University,Physics,treatment,17,6,29,0,0.0,False,0,0
Tufts University,Mathematics,control,32,10,70,0,0.0,False,2,0
Tufts University,Physics,treatment,20,10,68,0,0.0,False,2,0
Tufts University,Chemistry,treatment,31,13,23,0,0.0,False,2,0
Tufts University,Computer Science,control,20,13,52,0,0.0,False,1,0
Tufts University,Mechanical Engineering,control,11,7,21,0,0.0,False,0,0
Tulane University,Mathematics,treatment,30,10,62,0,0.0,False,1,0
Tulane University,Computer Science,control,21,14,21,0,0.0,False,0,0
Tulane University,Chemistry,control,21,11,21,0,0.0,False,0,0
Tulane University,Physics,treatment,20,7,12,0,0.0,False,1,0
"University at Albany, SUNY",Physics,treatment,16,6,10,0,0.0,False,0,0
"University at Albany, SUNY",Mathematics,control,20,9,48,0,0.0,False,1,0
"University at Albany, SUNY",Chemistry,treatment,0,0,0,0,0.0,False,0,0
University at Buffalo,Computer Science,control,18,11,9,0,0.0,False,0,0
University at Buffalo,Mathematics,control,30,11,34,0,0.0,False,0,0
University at Buffalo,Chemistry,control,30,12,25,0,0.0,False,1,0
University at Buffalo,Physics,treatment,18,8,34,0,0.0,False,1,0
University at Buffalo,Mechanical Engineering,control,11,7,15,0,0.0,False,1,0
University of Alabama,Chemistry,treatment,21,11,21,0,0.0,False,0,0
University of Alabama,Computer Science,control,16,10,6,0,0.0,False,0,0
University of Alabama,Physics,control,12,3,31,0,0.0,False,1,0
University of Alabama,Mathematics,control,28,11,15,0,0.0,False,0,0
University of Alabama,Mechanical Engineering,treatment,16,8,55,0,0.0,False,1,0
University of Alabama at Birmingham,Mathematics,control,28,10,12,0,0.0,False,0,0
University of Alabama at Birmingham,Chemistry,treatment,18,9,21,0,0.0,False,1,0
University of Alabama in Huntsville,Mathematics,control,10,5,1,0,0.0,False,0,0
University of Alabama in Huntsville,Physics,control,12,4,5,0,0.0,False,0,0
University of Arizona,Mathematics,treatment,39,14,69,1,0.014492753623188406,True,0,0
University of Arizona,Chemistry,control,32,13,47,1,0.02127659574468085,True,0,0
University of Arizona,Physics,control,35,8,67,0,0.0,False,1,0
University of Arizona,Mechanical Engineering,control,11,7,9,0,0.0,False,0,0
University of Arizona,Computer Science,treatment,18,11,6,0,0.0,False,0,0
University of Arkansas,Physics,control,0,0,0,0,0.0,False,0,0
University of Arkansas,Mathematics,treatment,20,9,43,0,0.0,False,0,0
University of Arkansas,Chemistry,treatment,13,7,14,0,0.0,False,2,0
"University of California, Berkeley",Mathematics,treatment,20,10,308,0,0.0,False,11,0
"University of California, Berkeley",Chemistry,treatment,12,8,37,0,0.0,False,1,0
"University of California, Berkeley",Physics,control,33,11,34,0,0.0,False,0,0
"University of California, Berkeley",Mechanical Engineering,control,39,26,2,0,0.0,False,0,0
"University of California, Berkeley",Computer Science,control,16,10,11,0,0.0,False,0,0
"University of California, Davis",Mathematics,control,37,15,158,0,0.0,False,2,0
"University of California, Davis",Physics,control,38,7,100,0,0.0,False,2,0
"University of California, Davis",Chemistry,treatment,26,13,19,0,0.0,False,1,0
"University of California, Irvine",Mathematics,control,41,17,114,0,0.0,False,2,0
"University of California, Irvine",Physics,treatment,36,9,92,0,0.0,False,6,0
"University of California, Irvine",Computer Science,treatment,29,17,32,0,0.0,False,0,0
"University of California, Irvine",Chemistry,control,23,11,17,0,0.0,False,0,0
"University of California, Irvine",Mechanical Engineering,control,26,15,20,0,0.0,False,0,0
"University of California, Los Angeles",Mathematics,control,20,10,199,2,0.010050251256281407,True,0,0
"University of California, Los Angeles",Physics,treatment,45,16,106,0,0.0,False,2,0
"University of California, Los Angeles",Chemistry,treatment,22,12,90,1,0.011111111111111112,True,4,0
"University of California, Los Angeles",Mechanical Engineering,control,54,34,31,0,0.0,False,0,0
"University of California, Los Angeles",Computer Science,treatment,23,12,11,1,0.09090909090909091,True,1,1
"University of California, Riverside",Computer Science,control,20,13,7,0,0.0,False,0,0
"University of California, Riverside",Chemistry,treatment,31,13,71,0,0.0,False,1,0
"University of California, Riverside",Physics,control,27,7,18,0,0.0,False,0,0
"University of California, Riverside",Mechanical Engineering,control,0,0,0,0,0.0,False,0,0
"University of California, San Diego",Mathematics,treatment,34,15,168,0,0.0,False,1,0
"University of California, San Diego",Chemistry,control,25,13,53,0,0.0,False,0,0
"University of California, San Diego",Mechanical Engineering,control,40,22,68,1,0.014705882352941176,True,2,1
"University of California, San Diego",Physics,treatment,43,15,37,0,0.0,False,1,0
"University of California, Santa Barbara",Computer Science,treatment,29,17,10,0,0.0,False,0,0
"University of California, Santa Barbara",Physics,control,35,12,25,0,0.0,False,0,0
"University of California, Santa Barbara",Chemistry,treatment,21,10,41,0,0.0,False,2,0
"University of California, Santa Barbara",Mathematics,control,39,17,57,0,0.0,False,1,0
"University of California, Santa Barbara",Mechanical Engineering,treatment,0,0,0,0,0.0,False,0,0
"University of California, Santa Cruz",Physics,treatment,30,8,60,0,0.0,False,1,0
"University of California, Santa Cruz",Mathematics,treatment,31,10,18,0,0.0,False,0,0
"University of California, Santa Cruz",Chemistry,treatment,30,13,17,0,0.0,False,2,0
University of Central Florida,Mathematics,treatment,15,6,21,0,0.0,False,1,0
University of Central Florida,Physics,treatment,19,7,17,0,0.0,False,0,0
University of Central Florida,Chemistry,treatment,0,0,0,0,0.0,False,0,0
University of Chicago,Mathematics,control,20,10,223,0,0.0,False,4,0
University of Chicago,Chemistry,treatment,16,10,84,0,0.0,False,0,0
University of Chicago,Physics,treatment,34,11,10,0,0.0,False,1,0
University of Chicago,Computer Science,treatment,24,13,24,0,0.0,False,0,0
University of Cincinnati,Mechanical Engineering,control,9,5,12,0,0.0,False,0,0
University of Cincinnati,Chemistry,control,28,13,6,0,0.0,False,0,0
University of Cincinnati,Mathematics,control,24,9,10,0,0.0,False,0,0
University of Colorado Boulder,Mathematics,control,35,13,168,2,0.011904761904761904,True,5,0
University of Colorado Boulder,Physics,control,46,16,42,0,0.0,False,0,0
University of Colorado Boulder,Chemistry,treatment,22,12,38,0,0.0,False,0,0
University of Colorado Boulder,Mechanical Engineering,control,30,17,15,0,0.0,False,0,0
University of Colorado Denver,Mathematics,treatment,16,7,15,0,0.0,False,1,0
University of Colorado Denver,Chemistry,treatment,14,8,36,0,0.0,False,3,0
University of Connecticut,Mathematics,treatment,30,11,74,0,0.0,False,0,0
University of Connecticut,Physics,treatment,18,8,36,0,0.0,False,0,0
University of Connecticut,Chemistry,treatment,31,13,24,0,0.0,False,1,0
University of Connecticut,Mechanical Engineering,treatment,10,7,9,0,0.0,False,0,0
University of Delaware,Mathematics,treatment,27,9,45,0,0.0,False,0,0
University of Delaware,Physics,treatment,26,11,16,0,0.0,False,0,0
University of Delaware,Mechanical Engineering,control,11,7,9,0,0.0,False,0,0
University of Delaware,Computer Science,treatment,15,9,9,0,0.0,False,0,0
University of Denver,Chemistry,control,13,7,6,0,0.0,False,1,0
University of Denver,Physics,treatment,17,6,19,0,0.0,False,0,0
University of Denver,Mathematics,control,8,4,21,0,0.0,False,0,0
University of Florida,Mathematics,control,32,11,71,0,0.0,False,3,0
University of Florida,Physics,control,37,9,90,0,0.0,False,0,0
University of Florida,Computer Science,treatment,21,14,1,0,0.0,False,0,0
University of Florida,Mechanical Engineering,treatment,31,17,3,0,0.0,False,0,0
University of Florida,Chemistry,control,26,13,42,0,0.0,False,4,0
University of Georgia,Mathematics,treatment,33,11,192,0,0.0,False,4,0
University of Georgia,Chemistry,control,29,12,87,0,0.0,False,4,0
University of Georgia,Computer Science,control,0,0,0,0,0.0,False,0,0
University of Georgia,Physics,control,18,8,22,0,0.0,False,3,0
University of Hawaii at Manoa,Mathematics,control,14,6,1,0,0.0,False,0,0
University of Hawaii at Manoa,Physics,control,14,5,12,0,0.0,False,0,0
University of Hawaii at Manoa,Mechanical Engineering,treatment,10,5,8,0,0.0,False,1,0
University of Hawaii at Manoa,Chemistry,control,0,0,0,0,0.0,False,0,0
University of Houston,Mathematics,treatment,28,11,92,0,0.0,False,0,0
University of Houston,Mechanical Engineering,control,11,5,29,0,0.0,False,0,0
University of Houston,Physics,control,17,7,28,0,0.0,False,1,0
University of Houston,Computer Science,treatment,12,7,20,0,0.0,False,0,0
University of Houston,Chemistry,treatment,29,12,27,0,0.0,False,0,0
University of Illinois Chicago,Physics,treatment,26,11,83,1,0.012048192771084338,True,2,0
University of Illinois Chicago,Mathematics,control,38,13,34,0,0.0,False,0,0
University of Illinois Chicago,Mechanical Engineering,treatment,10,5,12,0,0.0,False,1,0
University of Illinois Chicago,Computer Science,control,18,11,2,0,0.0,False,0,0
University of Illinois Chicago,Chemistry,treatment,31,13,26,0,0.0,False,1,0
University of Illinois Urbana-Champaign,Physics,treatment,37,13,207,1,0.004830917874396135,True,4,1
University of Illinois Urbana-Champaign,Mechanical Engineering,treatment,40,27,30,0,0.0,False,1,0
University of Illinois Urbana-Champaign,Chemistry,control,16,10,81,0,0.0,False,1,0
University of Illinois Urbana-Champaign,Mathematics,treatment,36,15,20,0,0.0,False,1,0
University of Illinois Urbana-Champaign,Computer Science,treatment,17,10,10,0,0.0,False,0,0
University of Iowa,Chemistry,control,28,10,15,0,0.0,False,1,0
University of Iowa,Mathematics,control,30,11,24,0,0.0,False,1,0
University of Iowa,Computer Science,control,20,12,10,0,0.0,False,1,0
University of Iowa,Physics,control,30,11,4,0,0.0,False,1,0
University of Kansas,Chemistry,control,29,11,90,0,0.0,False,6,0
University of Kansas,Physics,control,18,8,90,0,0.0,False,3,0
University of Kansas,Mathematics,control,32,9,72,0,0.0,False,1,0
University of Kentucky,Mechanical Engineering,treatment,16,8,13,0,0.0,False,0,0
University of Kentucky,Mathematics,control,27,10,12,0,0.0,False,0,0
University of Kentucky,Physics,control,17,7,42,0,0.0,False,0,0
University of Kentucky,Computer Science,treatment,15,10,19,0,0.0,False,0,0
University of Kentucky,Chemistry,treatment,26,13,19,0,0.0,False,1,0
University of Louisiana at Lafayette,Chemistry,control,0,0,0,0,0.0,False,0,0
University of Louisiana at Lafayette,Mathematics,control,7,4,32,0,0.0,False,2,0
University of Louisiana at Lafayette,Physics,treatment,8,4,10,0,0.0,False,0,0
University of Louisiana at Lafayette,Computer Science,treatment,3,1,14,0,0.0,False,0,0
University of Louisiana at Lafayette,Mechanical Engineering,control,0,0,0,0,0.0,False,0,0
University of Louisville,Mathematics,control,12,5,11,0,0.0,False,0,0
University of Louisville,Physics,treatment,14,6,7,0,0.0,False,0,0
University of Louisville,Mechanical Engineering,treatment,2,1,1,0,0.0,False,0,0
University of Louisville,Chemistry,control,16,9,37,0,0.0,False,0,0
University of Louisville,Computer Science,control,4,1,4,0,0.0,False,0,0
University of Maine,Mathematics,control,12,5,11,0,0.0,False,0,0
University of Maine,Mechanical Engineering,control,0,0,0,0,0.0,False,0,0
University of Maine,Physics,treatment,13,6,2,0,0.0,False,0,0
"University of Maryland, Baltimore County",Physics,control,19,7,35,0,0.0,False,0,0
"University of Maryland, Baltimore County",Mathematics,treatment,17,6,39,0,0.0,False,1,0
"University of Maryland, College Park",Mathematics,control,39,18,260,0,0.0,False,6,0
"University of Maryland, College Park",Mechanical Engineering,treatment,0,0,0,0,0.0,False,0,0
"University of Maryland, College Park",Physics,control,46,16,100,0,0.0,False,1,0
"University of Maryland, College Park",Computer Science,treatment,23,12,19,0,0.0,False,0,0
University of Massachusetts Amherst,Mathematics,control,30,12,98,3,0.030612244897959183,True,0,0
University of Massachusetts Amherst,Chemistry,control,31,13,12,0,0.0,False,0,0
University of Massachusetts Amherst,Computer Science,control,24,13,23,0,0.0,False,0,0
University of Memphis,Mathematics,control,14,7,13,0,0.0,False,0,0
University of Memphis,Chemistry,treatment,10,6,18,1,0.05555555555555555,True,2,1
University of Memphis,Computer Science,treatment,0,0,0,0,0.0,False,0,0
University of Memphis,Physics,treatment,11,5,26,0,0.0,False,2,0
University of Miami,Computer Science,treatment,0,0,0,0,0.0,False,0,0
University of Miami,Mathematics,treatment,29,10,21,0,0.0,False,0,0
University of Miami,Physics,treatment,11,3,20,0,0.0,False,0,0
University of Miami,Chemistry,control,23,12,10,0,0.0,False,0,0
University of Michigan,Mathematics,treatment,26,12,301,1,0.0033222591362126247,True,4,1
University of Michigan,Mechanical Engineering,treatment,40,27,18,0,0.0,False,1,0
University of Michigan,Computer Science,treatment,22,12,90,0,0.0,False,5,0
University of Michigan,Physics,treatment,41,15,207,0,0.0,False,10,0
University of Michigan,Chemistry,treatment,21,11,42,0,0.0,False,0,0
University of Minnesota,Mathematics,treatment,40,18,133,0,0.0,False,5,0
University of Minnesota,Physics,treatment,35,9,57,1,0.017543859649122806,True,2,0
University of Minnesota,Chemistry,control,27,14,27,0,0.0,False,1,0
University of Minnesota,Mechanical Engineering,treatment,54,34,45,1,0.022222222222222223,True,2,1
University of Minnesota,Computer Science,control,28,15,34,0,0.0,False,1,0
University of Mississippi,Chemistry,treatment,17,8,6,0,0.0,False,0,0
University of Mississippi,Mathematics,treatment,14,7,16,1,0.0625,True,5,1
University of Mississippi,Physics,control,16,6,24,1,0.041666666666666664,True,0,0
University of Missouri,Mathematics,control,32,10,49,0,0.0,False,3,0
University of Missouri,Chemistry,treatment,21,11,17,0,0.0,False,0,0
University of Missouri,Mechanical Engineering,control,0,0,0,0,0.0,False,0,0
University of Missouri,Physics,treatment,14,5,45,0,0.0,False,0,0
University of Montana,Chemistry,treatment,13,7,46,0,0.0,False,2,0
University of Montana,Mathematics,treatment,14,7,11,0,0.0,False,0,0
University of Nebraska-Lincoln,Chemistry,treatment,23,12,26,0,0.0,False,0,0
University of Nebraska-Lincoln,Mathematics,control,31,9,9,0,0.0,False,0,0
University of Nebraska-Lincoln,Computer Science,control,16,10,1,0,0.0,False,0,0
University of Nebraska-Lincoln,Physics,treatment,17,8,7,0,0.0,False,1,0
"University of Nevada, Las Vegas",Physics,treatment,13,4,19,0,0.0,False,0,0
"University of Nevada, Reno",Computer Science,treatment,0,0,0,0,0.0,False,0,0
"University of Nevada, Reno",Mathematics,treatment,15,7,28,0,0.0,False,0,0
University of New Hampshire,Mathematics,treatment,22,9,10,0,0.0,False,0,0
University of New Hampshire,Chemistry,treatment,16,9,36,0,0.0,False,0,0
University of New Hampshire,Physics,control,11,3,6,0,0.0,False,0,0
University of New Mexico,Computer Science,treatment,15,10,2,0,0.0,False,0,0
University of New Mexico,Mathematics,control,29,11,46,0,0.0,False,1,0
University of New Mexico,Physics,control,26,11,41,0,0.0,False,0,0
University of New Mexico,Chemistry,control,22,12,35,0,0.0,False,3,0
University of North Carolina at Chapel Hill,Mathematics,treatment,40,17,52,0,0.0,False,1,0
University of North Carolina at Chapel Hill,Chemistry,control,24,12,88,1,0.011363636363636364,True,7,0
University of North Carolina at Chapel Hill,Physics,treatment,35,8,23,0,0.0,False,0,0
University of North Carolina at Chapel Hill,Computer Science,control,28,15,2,0,0.0,False,0,0
University of North Texas,Mathematics,treatment,12,5,28,0,0.0,False,1,0
University of North Texas,Mechanical Engineering,treatment,2,1,21,0,0.0,False,1,0
University of North Texas,Physics,treatment,0,0,0,0,0.0,False,0,0
University of North Texas,Chemistry,control,13,7,28,0,0.0,False,1,0
University of North Texas,Computer Science,control,4,1,40,0,0.0,False,2,0
University of Notre Dame,Physics,control,31,9,98,0,0.0,False,2,0
University of Notre Dame,Mathematics,treatment,39,16,108,0,0.0,False,0,0
University of Notre Dame,Chemistry,treatment,29,13,45,0,0.0,False,4,0
University of Oklahoma,Mathematics,treatment,29,11,86,2,0.023255813953488372,True,5,0
University of Oklahoma,Physics,control,17,8,22,0,0.0,False,0,0
University of Oklahoma,Chemistry,treatment,22,11,22,0,0.0,False,2,0
University of Oregon,Physics,control,26,11,24,0,0.0,False,0,0
University of Oregon,Mathematics,treatment,30,11,109,0,0.0,False,3,0
University of Oregon,Computer Science,control,19,14,10,0,0.0,False,0,0
University of Pennsylvania,Mathematics,control,31,14,121,0,0.0,False,5,0
University of Pennsylvania,Computer Science,treatment,25,14,40,0,0.0,False,0,0
University of Pennsylvania,Chemistry,treatment,24,12,29,0,0.0,False,2,0
University of Pennsylvania,Mechanical Engineering,treatment,54,34,22,0,0.0,False,0,0
University of Pittsburgh,Computer Science,treatment,18,11,10,0,0.0,False,0,0
University of Pittsburgh,Physics,treatment,36,9,74,0,0.0,False,0,0
University of Pittsburgh,Chemistry,control,25,12,24,0,0.0,False,2,0
University of Rochester,Chemistry,treatment,29,12,6,0,0.0,False,0,0
University of Rochester,Physics,control,29,7,66,0,0.0,False,2,0
University of Rochester,Mechanical Engineering,treatment,16,8,3,0,0.0,False,0,0
University of Rochester,Computer Science,treatment,19,13,17,0,0.0,False,0,0
University of South Carolina,Mathematics,control,30,11,42,0,0.0,False,1,0
University of South Carolina,Physics,control,11,3,23,0,0.0,False,0,0
University of South Carolina,Chemistry,control,28,12,24,0,0.0,False,0,0
University of South Florida,Mathematics,control,13,6,51,0,0.0,False,0,0
University of South Florida,Computer Science,control,15,10,16,0,0.0,False,0,0
University of South Florida,Mechanical Engineering,treatment,10,5,6,0,0.0,False,1,0
University of South Florida,Chemistry,control,19,9,2,0,0.0,False,0,0
University of Southern California,Mathematics,control,41,16,7,0,0.0,False,1,0
University of Southern California,Physics,treatment,27,8,47,0,0.0,False,1,0
University of Southern California,Chemistry,control,30,13,48,0,0.0,False,0,0
University of Southern California,Mechanical Engineering,control,32,17,28,0,0.0,False,0,0
University of Southern California,Computer Science,control,25,14,11,0,0.0,False,1,0
University of Southern Mississippi,Mechanical Engineering,treatment,2,1,42,0,0.0,False,6,0
University of Southern Mississippi,Chemistry,control,11,6,12,0,0.0,False,0,0
University of Southern Mississippi,Physics,control,8,4,2,0,0.0,False,0,0
University of Tennessee,Chemistry,control,30,12,10,0,0.0,False,1,0
University of Tennessee,Physics,control,27,8,24,0,0.0,False,0,0
University of Tennessee,Mathematics,control,32,8,41,0,0.0,False,0,0
University of Tennessee,Mechanical Engineering,treatment,0,0,0,0,0.0,False,0,0
University of Tennessee,Computer Science,control,16,10,4,0,0.0,False,0,0
University of Texas at Arlington,Computer Science,treatment,16,10,28,0,0.0,False,0,0
University of Texas at Arlington,Chemistry,treatment,15,9,17,0,0.0,False,0,0
University of Texas at Arlington,Physics,control,14,5,16,0,0.0,False,1,0
University of Texas at Arlington,Mathematics,control,12,5,19,0,0.0,False,1,0
University of Texas at Arlington,Mechanical Engineering,control,0,0,0,0,0.0,False,0,0
University of Texas at Austin,Computer Science,treatment,19,11,16,0,0.0,False,1,0
University of Texas at Austin,Physics,treatment,43,15,14,0,0.0,False,1,0
University of Texas at Austin,Mathematics,control,27,12,27,0,0.0,False,1,0
University of Texas at Dallas,Mathematics,treatment,21,9,43,0,0.0,False,0,0
University of Texas at Dallas,Mechanical Engineering,treatment,0,0,0,0,0.0,False,0,0
University of Texas at Dallas,Chemistry,control,20,10,29,0,0.0,False,1,0
University of Texas at Dallas,Physics,control,18,7,29,0,0.0,False,0,0
University of Texas at El Paso,Mathematics,control,7,4,13,0,0.0,False,0,0
University of Texas at El Paso,Chemistry,treatment,0,0,0,0,0.0,False,0,0
University of Texas at El Paso,Computer Science,control,3,1,3,0,0.0,False,0,0
University of Texas at San Antonio,Physics,treatment,8,4,26,0,0.0,False,0,0
University of Texas at San Antonio,Mathematics,treatment,0,0,0,0,0.0,False,0,0
University of Texas at San Antonio,Chemistry,treatment,20,10,15,0,0.0,False,1,0
University of Utah,Chemistry,treatment,26,13,33,0,0.0,False,0,0
University of Utah,Mathematics,treatment,38,13,134,0,0.0,False,1,0
University of Utah,Physics,control,27,11,61,0,0.0,False,0,0
University of Utah,Mechanical Engineering,control,11,5,3,0,0.0,False,0,0
University of Utah,Computer Science,treatment,22,13,4,0,0.0,False,0,0
University of Virginia,Mathematics,control,39,15,170,0,0.0,False,2,0
University of Virginia,Physics,control,34,8,41,0,0.0,False,0,0
University of Virginia,Chemistry,control,25,12,21,0,0.0,False,0,0
University of Washington,Mathematics,treatment,37,16,88,0,0.0,False,3,0
University of Washington,Physics,treatment,47,16,89,1,0.011235955056179775,True,0,0
University of Washington,Chemistry,control,21,10,71,0,0.0,False,1,0
University of Washington,Mechanical Engineering,treatment,32,17,6,0,0.0,False,2,0
University of Washington,Computer Science,treatment,21,11,25,0,0.0,False,0,0
University of Wisconsin-Madison,Mathematics,control,31,14,302,0,0.0,False,4,0
University of Wisconsin-Madison,Physics,control,40,15,153,0,0.0,False,4,0
University of Wisconsin-Madison,Chemistry,treatment,21,11,55,0,0.0,False,2,0
University of Wisconsin-Madison,Mechanical Engineering,treatment,50,32,18,0,0.0,False,0,0
University of Wisconsin-Milwaukee,Computer Science,treatment,0,0,0,0,0.0,False,0,0
University of Wisconsin-Milwaukee,Physics,control,16,6,19,0,0.0,False,0,0
University of Wisconsin-Milwaukee,Mechanical Engineering,treatment,0,0,0,0,0.0,False,0,0
University of Wisconsin-Milwaukee,Mathematics,control,14,7,14,0,0.0,False,1,0
Utah State University,Mathematics,control,14,5,3,0,0.0,False,0,0
Utah State University,Chemistry,treatment,20,10,28,0,0.0,False,1,0
Utah State University,Physics,treatment,8,4,2,0,0.0,False,0,0
Utah State University,Mechanical Engineering,treatment,7,4,4,0,0.0,False,0,0
Vanderbilt University,Physics,control,34,8,28,0,0.0,False,0,0
Vanderbilt University,Mathematics,control,39,14,80,0,0.0,False,1,0
Vanderbilt University,Mechanical Engineering,control,17,10,13,0,0.0,False,0,0
Vanderbilt University,Chemistry,treatment,29,12,23,0,0.0,False,1,0
Virginia Commonwealth University,Computer Science,control,0,0,0,0,0.0,False,0,0
Virginia Commonwealth University,Chemistry,treatment,20,10,26,0,0.0,False,2,0
Virginia Commonwealth University,Mathematics,treatment,13,6,77,0,0.0,False,12,0
Virginia Commonwealth University,Mechanical Engineering,treatment,16,9,25,0,0.0,False,0,0
Virginia Commonwealth University,Physics,treatment,9,4,12,0,0.0,False,0,0
Virginia Tech,Mathematics,control,32,11,76,0,0.0,False,0,0
Virginia Tech,Physics,control,29,6,45,0,0.0,False,2,0
Virginia Tech,Mechanical Engineering,control,47,28,6,0,0.0,False,1,0
Virginia Tech,Chemistry,treatment,32,12,17,0,0.0,False,1,0
Virginia Tech,Computer Science,control,24,14,43,1,0.023255813953488372,True,1,1
Washington State University,Chemistry,treatment,23,12,14,0,0.0,False,1,0
Washington State University,Physics,treatment,17,8,26,0,0.0,False,1,0
Washington State University,Mechanical Engineering,control,11,5,26,0,0.0,False,1,0
Washington State University,Mathematics,treatment,20,9,14,0,0.0,False,0,0
Washington State University,Computer Science,treatment,16,10,11,1,0.09090909090909091,True,1,1
Washington University in St. Louis,Computer Science,treatment,22,13,8,0,0.0,False,0,0
Washington University in St. Louis,Physics,control,32,8,80,0,0.0,False,0,0
Washington University in St. Louis,Mathematics,treatment,35,13,75,0,0.0,False,2,0
Washington University in St. Louis,Mechanical Engineering,control,19,11,15,0,0.0,False,0,0
Washington University in St. Louis,Chemistry,treatment,26,12,11,0,0.0,False,0,0
Wayne State University,Physics,treatment,13,4,23,0,0.0,False,0,0
Wayne State University,Chemistry,control,29,12,52,1,0.019230769230769232,True,10,1
Wayne State University,Mathematics,control,20,9,24,0,0.0,False,0,0
Wayne State University,Computer Science,control,11,6,19,0,0.0,False,0,0
Wayne State University,Mechanical Engineering,control,7,4,1,0,0.0,False,0,0
West Virginia University,Mechanical Engineering,control,0,0,0,0,0.0,False,0,0
West Virginia University,Physics,treatment,16,6,13,0,0.0,False,0,0
West Virginia University,Chemistry,treatment,19,10,20,0,0.0,False,4,0
West Virginia University,Mathematics,treatment,12,5,1,0,0.0,False,0,0
West Virginia University,Computer Science,treatment,0,0,0,0,0.0,False,0,0
Yale University,Computer Science,control,24,13,6,0,0.0,False,1,0
Yale University,Mathematics,control,25,11,167,1,0.005988023952095809,True,1,1
Yale University,Physics,treatment,37,13,50,0,0.0,False,1,0
Yale University,Chemistry,control,20,10,18,0,0.0,False,0,0
