"","department","seminar_count","bin_category","condition"
"1","Arizona State University-Computer Science",1,"[0,1]","treatment"
"2","Arizona State University-Mechanical Engineering",1,"[0,1]","treatment"
"3","Auburn University-Chemistry",1,"[0,1]","treatment"
"4","Auburn University-Computer Science",1,"[0,1]","control"
"5","Auburn University-Mechanical Engineering",1,"[0,1]","control"
"6","Baylor University-Chemistry",1,"[0,1]","control"
"7","Baylor University-Physics",1,"[0,1]","control"
"8","Binghamton University-Mechanical Engineering",1,"[0,1]","control"
"9","Boston College-Physics",1,"[0,1]","treatment"
"10","California Institute of Technology-Computer Science",1,"[0,1]","control"
"11","California Institute of Technology-Mechanical Engineering",1,"[0,1]","treatment"
"12","Carnegie Mellon University-Chemistry",1,"[0,1]","control"
"13","Carnegie Mellon University-Mechanical Engineering",1,"[0,1]","control"
"14","Case Western Reserve University-Chemistry",1,"[0,1]","control"
"15","Clemson University-Chemistry",1,"[0,1]","control"
"16","Clemson University-Computer Science",1,"[0,1]","control"
"17","Colorado School of Mines-Chemistry",1,"[0,1]","control"
"18","Colorado School of Mines-Computer Science",1,"[0,1]","control"
"19","Colorado School of Mines-Mathematics",1,"[0,1]","control"
"20","Colorado School of Mines-Mechanical Engineering",1,"[0,1]","control"
"21","Colorado School of Mines-Physics",1,"[0,1]","control"
"22","Colorado State University-Computer Science",1,"[0,1]","control"
"23","Colorado State University-Physics",1,"[0,1]","control"
"24","Columbia University-Mechanical Engineering",1,"[0,1]","treatment"
"25","Cornell University-Chemistry",1,"[0,1]","control"
"26","Cornell University-Mechanical Engineering",1,"[0,1]","control"
"27","Dartmouth College-Chemistry",1,"[0,1]","treatment"
"28","Dartmouth College-Physics",1,"[0,1]","control"
"29","Drexel University-Mathematics",1,"[0,1]","control"
"30","Drexel University-Mechanical Engineering",1,"[0,1]","treatment"
"31","Duke University-Mechanical Engineering",1,"[0,1]","control"
"32","Emory University-Physics",1,"[0,1]","control"
"33","Florida International University-Chemistry",1,"[0,1]","treatment"
"34","Florida International University-Physics",1,"[0,1]","treatment"
"35","Florida State University-Computer Science",1,"[0,1]","treatment"
"36","Florida State University-Mechanical Engineering",1,"[0,1]","treatment"
"37","George Mason University-Chemistry",1,"[0,1]","treatment"
"38","George Mason University-Computer Science",1,"[0,1]","control"
"39","George Mason University-Mechanical Engineering",1,"[0,1]","treatment"
"40","George Mason University-Physics",1,"[0,1]","control"
"41","George Washington University-Chemistry",1,"[0,1]","treatment"
"42","George Washington University-Physics",1,"[0,1]","treatment"
"43","Georgetown University-Chemistry",1,"[0,1]","control"
"44","Georgetown University-Mathematics",1,"[0,1]","control"
"45","Georgetown University-Physics",1,"[0,1]","control"
"46","Georgia State University-Chemistry",1,"[0,1]","control"
"47","Georgia State University-Physics",1,"[0,1]","control"
"48","Graduate Center, CUNY-Mechanical Engineering",1,"[0,1]","treatment"
"49","Harvard University-Mechanical Engineering",1,"[0,1]","control"
"50","Iowa State University-Computer Science",1,"[0,1]","control"
"51","Iowa State University-Mechanical Engineering",1,"[0,1]","control"
"52","Iowa State University-Physics",1,"[0,1]","treatment"
"53","Johns Hopkins University-Computer Science",1,"[0,1]","control"
"54","Kansas State University-Chemistry",1,"[0,1]","treatment"
"55","Kent State University-Chemistry",1,"[0,1]","treatment"
"56","Louisiana State University-Computer Science",1,"[0,1]","control"
"57","Louisiana State University-Physics",1,"[0,1]","control"
"58","Mississippi State University-Chemistry",1,"[0,1]","treatment"
"59","Mississippi State University-Computer Science",1,"[0,1]","control"
"60","Mississippi State University-Mathematics",1,"[0,1]","treatment"
"61","Mississippi State University-Physics",1,"[0,1]","treatment"
"62","Montana State University-Chemistry",1,"[0,1]","treatment"
"63","Montana State University-Computer Science",1,"[0,1]","control"
"64","Montana State University-Physics",1,"[0,1]","control"
"65","New Jersey Institute of Technology-Computer Science",1,"[0,1]","control"
"66","North Carolina State University-Mechanical Engineering",1,"[0,1]","control"
"67","North Dakota State University-Computer Science",1,"[0,1]","control"
"68","North Dakota State University-Physics",1,"[0,1]","treatment"
"69","Northeastern University-Chemistry",1,"[0,1]","control"
"70","Ohio University-Chemistry",1,"[0,1]","control"
"71","Ohio University-Mathematics",1,"[0,1]","treatment"
"72","Oklahoma State University-Stillwater-Chemistry",1,"[0,1]","treatment"
"73","Oklahoma State University-Stillwater-Physics",1,"[0,1]","control"
"74","Old Dominion University-Chemistry",1,"[0,1]","treatment"
"75","Old Dominion University-Computer Science",1,"[0,1]","control"
"76","Old Dominion University-Mathematics",1,"[0,1]","control"
"77","Oregon State University-Chemistry",1,"[0,1]","control"
"78","Pennsylvania State University-Chemistry",1,"[0,1]","treatment"
"79","Pennsylvania State University-Mechanical Engineering",1,"[0,1]","control"
"80","Princeton University-Computer Science",1,"[0,1]","treatment"
"81","Purdue University-Mechanical Engineering",1,"[0,1]","treatment"
"82","Rensselaer Polytechnic Institute-Chemistry",1,"[0,1]","treatment"
"83","Rensselaer Polytechnic Institute-Computer Science",1,"[0,1]","control"
"84","Rensselaer Polytechnic Institute-Mathematics",1,"[0,1]","treatment"
"85","Rensselaer Polytechnic Institute-Mechanical Engineering",1,"[0,1]","treatment"
"86","Rensselaer Polytechnic Institute-Physics",1,"[0,1]","control"
"87","Rice University-Chemistry",1,"[0,1]","treatment"
"88","Rice University-Mechanical Engineering",1,"[0,1]","treatment"
"89","Rice University-Physics",1,"[0,1]","treatment"
"90","Rutgers University-New Brunswick-Mechanical Engineering",1,"[0,1]","treatment"
"91","Stanford University-Physics",1,"[0,1]","control"
"92","Syracuse University-Chemistry",1,"[0,1]","treatment"
"93","Temple University-Chemistry",1,"[0,1]","treatment"
"94","Texas A&M University-Chemistry",1,"[0,1]","treatment"
"95","Texas A&M University-Computer Science",1,"[0,1]","control"
"96","Texas A&M University-Physics",1,"[0,1]","treatment"
"97","Texas Tech University-Chemistry",1,"[0,1]","treatment"
"98","Texas Tech University-Computer Science",1,"[0,1]","treatment"
"99","Texas Tech University-Mechanical Engineering",1,"[0,1]","treatment"
"100","Texas Tech University-Physics",1,"[0,1]","treatment"
"101","Tufts University-Chemistry",1,"[0,1]","treatment"
"102","Tufts University-Computer Science",1,"[0,1]","control"
"103","Tufts University-Mechanical Engineering",1,"[0,1]","control"
"104","Tulane University-Chemistry",1,"[0,1]","control"
"105","Tulane University-Physics",1,"[0,1]","treatment"
"106","University at Albany, SUNY-Chemistry",1,"[0,1]","treatment"
"107","University at Buffalo-Mechanical Engineering",1,"[0,1]","control"
"108","University of Alabama at Birmingham-Chemistry",1,"[0,1]","treatment"
"109","University of Alabama at Birmingham-Mathematics",1,"[0,1]","control"
"110","University of Alabama in Huntsville-Mathematics",1,"[0,1]","control"
"111","University of Alabama in Huntsville-Physics",1,"[0,1]","control"
"112","University of Alabama-Chemistry",1,"[0,1]","treatment"
"113","University of Alabama-Computer Science",1,"[0,1]","control"
"114","University of Alabama-Mechanical Engineering",1,"[0,1]","treatment"
"115","University of Alabama-Physics",1,"[0,1]","control"
"116","University of Arizona-Computer Science",1,"[0,1]","treatment"
"117","University of Arizona-Mechanical Engineering",1,"[0,1]","control"
"118","University of Arkansas-Chemistry",1,"[0,1]","treatment"
"119","University of California, Berkeley-Computer Science",1,"[0,1]","control"
"120","University of California, Berkeley-Mechanical Engineering",1,"[0,1]","control"
"121","University of California, Davis-Chemistry",1,"[0,1]","treatment"
"122","University of California, Irvine-Chemistry",1,"[0,1]","control"
"123","University of California, Irvine-Mechanical Engineering",1,"[0,1]","control"
"124","University of California, Los Angeles-Computer Science",1,"[0,1]","treatment"
"125","University of California, Riverside-Mechanical Engineering",1,"[0,1]","control"
"126","University of California, Santa Barbara-Mechanical Engineering",1,"[0,1]","treatment"
"127","University of California, Santa Cruz-Chemistry",1,"[0,1]","treatment"
"128","University of Central Florida-Chemistry",1,"[0,1]","treatment"
"129","University of Central Florida-Physics",1,"[0,1]","treatment"
"130","University of Chicago-Computer Science",1,"[0,1]","treatment"
"131","University of Cincinnati-Chemistry",1,"[0,1]","control"
"132","University of Cincinnati-Mechanical Engineering",1,"[0,1]","control"
"133","University of Connecticut-Chemistry",1,"[0,1]","treatment"
"134","University of Connecticut-Mechanical Engineering",1,"[0,1]","treatment"
"135","University of Delaware-Computer Science",1,"[0,1]","treatment"
"136","University of Delaware-Mechanical Engineering",1,"[0,1]","control"
"137","University of Denver-Chemistry",1,"[0,1]","control"
"138","University of Denver-Physics",1,"[0,1]","treatment"
"139","University of Florida-Chemistry",1,"[0,1]","control"
"140","University of Florida-Computer Science",1,"[0,1]","treatment"
"141","University of Florida-Mechanical Engineering",1,"[0,1]","treatment"
"142","University of Georgia-Computer Science",1,"[0,1]","control"
"143","University of Georgia-Physics",1,"[0,1]","control"
"144","University of Hawaii at Manoa-Chemistry",1,"[0,1]","control"
"145","University of Hawaii at Manoa-Mechanical Engineering",1,"[0,1]","treatment"
"146","University of Hawaii at Manoa-Physics",1,"[0,1]","control"
"147","University of Houston-Chemistry",1,"[0,1]","treatment"
"148","University of Houston-Computer Science",1,"[0,1]","treatment"
"149","University of Houston-Mechanical Engineering",1,"[0,1]","control"
"150","University of Houston-Physics",1,"[0,1]","control"
"151","University of Illinois Chicago-Chemistry",1,"[0,1]","treatment"
"152","University of Illinois Chicago-Computer Science",1,"[0,1]","control"
"153","University of Illinois Chicago-Mathematics",1,"[0,1]","control"
"154","University of Illinois Chicago-Mechanical Engineering",1,"[0,1]","treatment"
"155","University of Illinois Urbana-Champaign-Computer Science",1,"[0,1]","treatment"
"156","University of Illinois Urbana-Champaign-Mathematics",1,"[0,1]","treatment"
"157","University of Illinois Urbana-Champaign-Mechanical Engineering",1,"[0,1]","treatment"
"158","University of Iowa-Computer Science",1,"[0,1]","control"
"159","University of Iowa-Physics",1,"[0,1]","control"
"160","University of Kentucky-Chemistry",1,"[0,1]","treatment"
"161","University of Kentucky-Computer Science",1,"[0,1]","treatment"
"162","University of Kentucky-Mechanical Engineering",1,"[0,1]","treatment"
"163","University of Louisiana at Lafayette-Chemistry",1,"[0,1]","control"
"164","University of Louisiana at Lafayette-Computer Science",1,"[0,1]","treatment"
"165","University of Louisiana at Lafayette-Mechanical Engineering",1,"[0,1]","control"
"166","University of Louisiana at Lafayette-Physics",1,"[0,1]","treatment"
"167","University of Louisville-Chemistry",1,"[0,1]","control"
"168","University of Louisville-Computer Science",1,"[0,1]","control"
"169","University of Louisville-Mechanical Engineering",1,"[0,1]","treatment"
"170","University of Louisville-Physics",1,"[0,1]","treatment"
"171","University of Maine-Mathematics",1,"[0,1]","control"
"172","University of Maine-Mechanical Engineering",1,"[0,1]","control"
"173","University of Maine-Physics",1,"[0,1]","treatment"
"174","University of Maryland, College Park-Mechanical Engineering",1,"[0,1]","treatment"
"175","University of Massachusetts Amherst-Chemistry",1,"[0,1]","control"
"176","University of Massachusetts Amherst-Computer Science",1,"[0,1]","control"
"177","University of Memphis-Chemistry",1,"[0,1]","treatment"
"178","University of Memphis-Computer Science",1,"[0,1]","treatment"
"179","University of Memphis-Physics",1,"[0,1]","treatment"
"180","University of Miami-Chemistry",1,"[0,1]","control"
"181","University of Miami-Computer Science",1,"[0,1]","treatment"
"182","University of Michigan-Mechanical Engineering",1,"[0,1]","treatment"
"183","University of Minnesota-Computer Science",1,"[0,1]","control"
"184","University of Mississippi-Chemistry",1,"[0,1]","treatment"
"185","University of Mississippi-Physics",1,"[0,1]","control"
"186","University of Missouri-Mechanical Engineering",1,"[0,1]","control"
"187","University of Montana-Mathematics",1,"[0,1]","treatment"
"188","University of Nebraska-Lincoln-Chemistry",1,"[0,1]","treatment"
"189","University of Nebraska-Lincoln-Computer Science",1,"[0,1]","control"
"190","University of Nebraska-Lincoln-Mathematics",1,"[0,1]","control"
"191","University of Nebraska-Lincoln-Physics",1,"[0,1]","treatment"
"192","University of Nevada, Las Vegas-Physics",1,"[0,1]","treatment"
"193","University of Nevada, Reno-Computer Science",1,"[0,1]","treatment"
"194","University of New Hampshire-Mathematics",1,"[0,1]","treatment"
"195","University of New Hampshire-Physics",1,"[0,1]","control"
"196","University of New Mexico-Computer Science",1,"[0,1]","treatment"
"197","University of North Carolina at Chapel Hill-Computer Science",1,"[0,1]","control"
"198","University of North Carolina at Chapel Hill-Physics",1,"[0,1]","treatment"
"199","University of North Texas-Chemistry",1,"[0,1]","control"
"200","University of North Texas-Computer Science",1,"[0,1]","control"
"201","University of North Texas-Mechanical Engineering",1,"[0,1]","treatment"
"202","University of North Texas-Physics",1,"[0,1]","treatment"
"203","University of Oklahoma-Chemistry",1,"[0,1]","treatment"
"204","University of Oklahoma-Physics",1,"[0,1]","control"
"205","University of Oregon-Computer Science",1,"[0,1]","control"
"206","University of Oregon-Physics",1,"[0,1]","control"
"207","University of Pennsylvania-Mechanical Engineering",1,"[0,1]","treatment"
"208","University of Pittsburgh-Chemistry",1,"[0,1]","control"
"209","University of Pittsburgh-Computer Science",1,"[0,1]","treatment"
"210","University of Rochester-Computer Science",1,"[0,1]","treatment"
"211","University of Rochester-Mechanical Engineering",1,"[0,1]","treatment"
"212","University of South Carolina-Chemistry",1,"[0,1]","control"
"213","University of South Carolina-Physics",1,"[0,1]","control"
"214","University of South Florida-Computer Science",1,"[0,1]","control"
"215","University of South Florida-Mechanical Engineering",1,"[0,1]","treatment"
"216","University of Southern California-Chemistry",1,"[0,1]","control"
"217","University of Southern California-Computer Science",1,"[0,1]","control"
"218","University of Southern California-Mathematics",1,"[0,1]","control"
"219","University of Southern California-Mechanical Engineering",1,"[0,1]","control"
"220","University of Southern Mississippi-Chemistry",1,"[0,1]","control"
"221","University of Southern Mississippi-Mechanical Engineering",1,"[0,1]","treatment"
"222","University of Southern Mississippi-Physics",1,"[0,1]","control"
"223","University of Tennessee-Chemistry",1,"[0,1]","control"
"224","University of Tennessee-Computer Science",1,"[0,1]","control"
"225","University of Tennessee-Mechanical Engineering",1,"[0,1]","treatment"
"226","University of Tennessee-Physics",1,"[0,1]","control"
"227","University of Texas at Arlington-Chemistry",1,"[0,1]","treatment"
"228","University of Texas at Arlington-Computer Science",1,"[0,1]","treatment"
"229","University of Texas at Arlington-Mechanical Engineering",1,"[0,1]","control"
"230","University of Texas at Arlington-Physics",1,"[0,1]","control"
"231","University of Texas at Austin-Mathematics",1,"[0,1]","control"
"232","University of Texas at Austin-Physics",1,"[0,1]","treatment"
"233","University of Texas at Dallas-Mechanical Engineering",1,"[0,1]","treatment"
"234","University of Texas at Dallas-Physics",1,"[0,1]","control"
"235","University of Texas at El Paso-Chemistry",1,"[0,1]","treatment"
"236","University of Texas at El Paso-Computer Science",1,"[0,1]","control"
"237","University of Texas at El Paso-Mathematics",1,"[0,1]","control"
"238","University of Texas at San Antonio-Chemistry",1,"[0,1]","treatment"
"239","University of Texas at San Antonio-Mathematics",1,"[0,1]","treatment"
"240","University of Texas at San Antonio-Physics",1,"[0,1]","treatment"
"241","University of Utah-Chemistry",1,"[0,1]","treatment"
"242","University of Utah-Computer Science",1,"[0,1]","treatment"
"243","University of Utah-Mechanical Engineering",1,"[0,1]","control"
"244","University of Virginia-Chemistry",1,"[0,1]","control"
"245","University of Washington-Chemistry",1,"[0,1]","control"
"246","University of Washington-Computer Science",1,"[0,1]","treatment"
"247","University of Washington-Mechanical Engineering",1,"[0,1]","treatment"
"248","University of Wisconsin-Madison-Mechanical Engineering",1,"[0,1]","treatment"
"249","University of Wisconsin-Milwaukee-Computer Science",1,"[0,1]","treatment"
"250","University of Wisconsin-Milwaukee-Mathematics",1,"[0,1]","control"
"251","University of Wisconsin-Milwaukee-Mechanical Engineering",1,"[0,1]","treatment"
"252","Utah State University-Chemistry",1,"[0,1]","treatment"
"253","Utah State University-Mathematics",1,"[0,1]","control"
"254","Utah State University-Mechanical Engineering",1,"[0,1]","treatment"
"255","Utah State University-Physics",1,"[0,1]","treatment"
"256","Vanderbilt University-Chemistry",1,"[0,1]","treatment"
"257","Vanderbilt University-Mechanical Engineering",1,"[0,1]","control"
"258","Vanderbilt University-Physics",1,"[0,1]","control"
"259","Virginia Commonwealth University-Chemistry",1,"[0,1]","treatment"
"260","Virginia Commonwealth University-Computer Science",1,"[0,1]","control"
"261","Virginia Commonwealth University-Mechanical Engineering",1,"[0,1]","treatment"
"262","Virginia Commonwealth University-Physics",1,"[0,1]","treatment"
"263","Virginia Tech-Chemistry",1,"[0,1]","treatment"
"264","Virginia Tech-Computer Science",1,"[0,1]","control"
"265","Washington State University-Chemistry",1,"[0,1]","treatment"
"266","Washington State University-Computer Science",1,"[0,1]","treatment"
"267","Washington State University-Mechanical Engineering",1,"[0,1]","control"
"268","Washington State University-Physics",1,"[0,1]","treatment"
"269","Washington University in St. Louis-Chemistry",1,"[0,1]","treatment"
"270","Washington University in St. Louis-Computer Science",1,"[0,1]","treatment"
"271","Washington University in St. Louis-Mechanical Engineering",1,"[0,1]","control"
"272","Wayne State University-Computer Science",1,"[0,1]","control"
"273","Wayne State University-Mechanical Engineering",1,"[0,1]","control"
"274","West Virginia University-Chemistry",1,"[0,1]","treatment"
"275","West Virginia University-Computer Science",1,"[0,1]","treatment"
"276","West Virginia University-Mechanical Engineering",1,"[0,1]","control"
"277","West Virginia University-Physics",1,"[0,1]","treatment"
"278","Yale University-Chemistry",1,"[0,1]","control"
"279","Yale University-Computer Science",1,"[0,1]","control"
"280","Binghamton University-Computer Science",2,"(1,3]","control"
"281","Boston University-Chemistry",2,"(1,3]","treatment"
"282","Boston University-Mechanical Engineering",2,"(1,3]","control"
"283","Brandeis University-Computer Science",2,"(1,3]","control"
"284","Brown University-Computer Science",2,"(1,3]","control"
"285","Brown University-Mechanical Engineering",2,"(1,3]","treatment"
"286","Case Western Reserve University-Computer Science",2,"(1,3]","treatment"
"287","Clemson University-Mechanical Engineering",2,"(1,3]","treatment"
"288","Columbia University-Computer Science",2,"(1,3]","treatment"
"289","Duke University-Chemistry",2,"(1,3]","control"
"290","Emory University-Chemistry",2,"(1,3]","control"
"291","Georgia Institute of Technology-Mechanical Engineering",2,"(1,3]","control"
"292","Harvard University-Chemistry",2,"(1,3]","treatment"
"293","Johns Hopkins University-Chemistry",2,"(1,3]","control"
"294","Kent State University-Physics",2,"(1,3]","control"
"295","Massachusetts Institute of Technology-Mechanical Engineering",2,"(1,3]","treatment"
"296","Michigan State University-Chemistry",2,"(1,3]","treatment"
"297","Michigan State University-Computer Science",2,"(1,3]","control"
"298","New Jersey Institute of Technology-Mathematics",2,"(1,3]","treatment"
"299","New Jersey Institute of Technology-Physics",2,"(1,3]","treatment"
"300","New York University-Chemistry",2,"(1,3]","control"
"301","North Carolina State University-Computer Science",2,"(1,3]","control"
"302","North Carolina State University-Physics",2,"(1,3]","control"
"303","Northeastern University-Computer Science",2,"(1,3]","treatment"
"304","Northwestern University-Computer Science",2,"(1,3]","control"
"305","Ohio University-Physics",2,"(1,3]","treatment"
"306","Old Dominion University-Physics",2,"(1,3]","control"
"307","Oregon State University-Physics",2,"(1,3]","control"
"308","Pennsylvania State University-Physics",2,"(1,3]","control"
"309","Princeton University-Mechanical Engineering",2,"(1,3]","control"
"310","Rice University-Computer Science",2,"(1,3]","control"
"311","Stony Brook University-Computer Science",2,"(1,3]","control"
"312","Temple University-Physics",2,"(1,3]","treatment"
"313","Texas A&M University-Mechanical Engineering",2,"(1,3]","treatment"
"314","Texas Tech University-Mathematics",2,"(1,3]","control"
"315","Tulane University-Computer Science",2,"(1,3]","control"
"316","University at Albany, SUNY-Physics",2,"(1,3]","treatment"
"317","University at Buffalo-Computer Science",2,"(1,3]","control"
"318","University at Buffalo-Physics",2,"(1,3]","treatment"
"319","University of Arkansas-Physics",2,"(1,3]","control"
"320","University of California, Los Angeles-Mechanical Engineering",2,"(1,3]","control"
"321","University of California, Riverside-Computer Science",2,"(1,3]","control"
"322","University of California, San Diego-Physics",2,"(1,3]","treatment"
"323","University of California, Santa Barbara-Physics",2,"(1,3]","control"
"324","University of Cincinnati-Mathematics",2,"(1,3]","control"
"325","University of Colorado Boulder-Mechanical Engineering",2,"(1,3]","control"
"326","University of Colorado Denver-Mathematics",2,"(1,3]","treatment"
"327","University of Hawaii at Manoa-Mathematics",2,"(1,3]","control"
"328","University of Iowa-Chemistry",2,"(1,3]","control"
"329","University of Iowa-Mathematics",2,"(1,3]","control"
"330","University of Kansas-Mathematics",2,"(1,3]","control"
"331","University of Kentucky-Mathematics",2,"(1,3]","control"
"332","University of Maryland, Baltimore County-Physics",2,"(1,3]","control"
"333","University of Miami-Mathematics",2,"(1,3]","treatment"
"334","University of Miami-Physics",2,"(1,3]","treatment"
"335","University of Minnesota-Chemistry",2,"(1,3]","control"
"336","University of Minnesota-Mechanical Engineering",2,"(1,3]","treatment"
"337","University of Mississippi-Mathematics",2,"(1,3]","treatment"
"338","University of Missouri-Chemistry",2,"(1,3]","treatment"
"339","University of Montana-Chemistry",2,"(1,3]","treatment"
"340","University of Nevada, Reno-Mathematics",2,"(1,3]","treatment"
"341","University of New Hampshire-Chemistry",2,"(1,3]","treatment"
"342","University of New Mexico-Chemistry",2,"(1,3]","control"
"343","University of Pennsylvania-Computer Science",2,"(1,3]","treatment"
"344","University of South Florida-Chemistry",2,"(1,3]","control"
"345","University of Texas at Arlington-Mathematics",2,"(1,3]","control"
"346","University of Texas at Austin-Computer Science",2,"(1,3]","treatment"
"347","University of Texas at Dallas-Chemistry",2,"(1,3]","control"
"348","University of Washington-Physics",2,"(1,3]","treatment"
"349","West Virginia University-Mathematics",2,"(1,3]","treatment"
"350","Arizona State University-Chemistry",3,"(1,3]","control"
"351","Brandeis University-Physics",3,"(1,3]","treatment"
"352","Brown University-Chemistry",3,"(1,3]","control"
"353","Brown University-Physics",3,"(1,3]","treatment"
"354","California Institute of Technology-Physics",3,"(1,3]","control"
"355","Clemson University-Mathematics",3,"(1,3]","treatment"
"356","Clemson University-Physics",3,"(1,3]","control"
"357","Columbia University-Chemistry",3,"(1,3]","treatment"
"358","Duke University-Computer Science",3,"(1,3]","treatment"
"359","Florida International University-Mathematics",3,"(1,3]","treatment"
"360","Harvard University-Computer Science",3,"(1,3]","treatment"
"361","Indiana University Bloomington-Physics",3,"(1,3]","control"
"362","Johns Hopkins University-Mechanical Engineering",3,"(1,3]","control"
"363","Kansas State University-Physics",3,"(1,3]","treatment"
"364","Michigan State University-Physics",3,"(1,3]","control"
"365","Montana State University-Mathematics",3,"(1,3]","treatment"
"366","New York University-Computer Science",3,"(1,3]","treatment"
"367","Northeastern University-Mathematics",3,"(1,3]","treatment"
"368","Northeastern University-Physics",3,"(1,3]","treatment"
"369","Ohio State University-Chemistry",3,"(1,3]","treatment"
"370","Oregon State University-Computer Science",3,"(1,3]","control"
"371","Princeton University-Physics",3,"(1,3]","control"
"372","Rutgers University-New Brunswick-Computer Science",3,"(1,3]","treatment"
"373","University at Buffalo-Chemistry",3,"(1,3]","control"
"374","University of Alabama-Mathematics",3,"(1,3]","control"
"375","University of Arkansas-Mathematics",3,"(1,3]","treatment"
"376","University of California, Berkeley-Physics",3,"(1,3]","control"
"377","University of California, Santa Barbara-Computer Science",3,"(1,3]","treatment"
"378","University of California, Santa Cruz-Mathematics",3,"(1,3]","treatment"
"379","University of California, Santa Cruz-Physics",3,"(1,3]","treatment"
"380","University of Chicago-Chemistry",3,"(1,3]","treatment"
"381","University of Chicago-Physics",3,"(1,3]","treatment"
"382","University of Colorado Boulder-Physics",3,"(1,3]","control"
"383","University of Colorado Denver-Chemistry",3,"(1,3]","treatment"
"384","University of Denver-Mathematics",3,"(1,3]","control"
"385","University of Kansas-Physics",3,"(1,3]","control"
"386","University of Missouri-Physics",3,"(1,3]","treatment"
"387","University of North Texas-Mathematics",3,"(1,3]","treatment"
"388","University of Notre Dame-Chemistry",3,"(1,3]","treatment"
"389","University of Pittsburgh-Physics",3,"(1,3]","treatment"
"390","University of Rochester-Physics",3,"(1,3]","control"
"391","University of Southern California-Physics",3,"(1,3]","treatment"
"392","University of Utah-Physics",3,"(1,3]","control"
"393","University of Wisconsin-Milwaukee-Physics",3,"(1,3]","control"
"394","Virginia Tech-Mechanical Engineering",3,"(1,3]","control"
"395","Wayne State University-Physics",3,"(1,3]","treatment"
"396","Yale University-Physics",3,"(1,3]","treatment"
"397","Arizona State University-Mathematics",4,"(3,5]","control"
"398","Baylor University-Mathematics",4,"(3,5]","control"
"399","Boston College-Mathematics",4,"(3,5]","control"
"400","California Institute of Technology-Mathematics",4,"(3,5]","control"
"401","Case Western Reserve University-Mathematics",4,"(3,5]","treatment"
"402","Case Western Reserve University-Physics",4,"(3,5]","control"
"403","Cornell University-Physics",4,"(3,5]","control"
"404","Duke University-Mathematics",4,"(3,5]","control"
"405","Florida State University-Physics",4,"(3,5]","control"
"406","Georgia Institute of Technology-Computer Science",4,"(3,5]","treatment"
"407","Georgia Institute of Technology-Physics",4,"(3,5]","treatment"
"408","Harvard University-Physics",4,"(3,5]","treatment"
"409","Iowa State University-Chemistry",4,"(3,5]","control"
"410","Kansas State University-Mathematics",4,"(3,5]","treatment"
"411","Louisiana State University-Chemistry",4,"(3,5]","treatment"
"412","Massachusetts Institute of Technology-Chemistry",4,"(3,5]","treatment"
"413","North Dakota State University-Mathematics",4,"(3,5]","treatment"
"414","Oregon State University-Mechanical Engineering",4,"(3,5]","treatment"
"415","Purdue University-Computer Science",4,"(3,5]","treatment"
"416","Rutgers University-New Brunswick-Chemistry",4,"(3,5]","treatment"
"417","Stanford University-Chemistry",4,"(3,5]","treatment"
"418","Syracuse University-Physics",4,"(3,5]","treatment"
"419","University at Albany, SUNY-Mathematics",4,"(3,5]","control"
"420","University of California, Riverside-Physics",4,"(3,5]","control"
"421","University of Central Florida-Mathematics",4,"(3,5]","treatment"
"422","University of Colorado Boulder-Chemistry",4,"(3,5]","treatment"
"423","University of Connecticut-Physics",4,"(3,5]","treatment"
"424","University of Florida-Physics",4,"(3,5]","control"
"425","University of Illinois Chicago-Physics",4,"(3,5]","treatment"
"426","University of Kansas-Chemistry",4,"(3,5]","control"
"427","University of Maryland, Baltimore County-Mathematics",4,"(3,5]","treatment"
"428","University of Memphis-Mathematics",4,"(3,5]","control"
"429","University of Minnesota-Physics",4,"(3,5]","treatment"
"430","University of New Mexico-Mathematics",4,"(3,5]","control"
"431","University of New Mexico-Physics",4,"(3,5]","control"
"432","University of Oregon-Mathematics",4,"(3,5]","treatment"
"433","University of Pennsylvania-Chemistry",4,"(3,5]","treatment"
"434","University of Rochester-Chemistry",4,"(3,5]","treatment"
"435","University of South Florida-Mathematics",4,"(3,5]","control"
"436","Wayne State University-Chemistry",4,"(3,5]","control"
"437","Arizona State University-Physics",5,"(3,5]","treatment"
"438","Boston University-Mathematics",5,"(3,5]","treatment"
"439","Brandeis University-Mathematics",5,"(3,5]","treatment"
"440","California Institute of Technology-Chemistry",5,"(3,5]","control"
"441","Colorado State University-Chemistry",5,"(3,5]","treatment"
"442","Emory University-Mathematics",5,"(3,5]","treatment"
"443","Florida State University-Mathematics",5,"(3,5]","treatment"
"444","George Washington University-Mathematics",5,"(3,5]","control"
"445","Kent State University-Mathematics",5,"(3,5]","control"
"446","Massachusetts Institute of Technology-Computer Science",5,"(3,5]","control"
"447","North Carolina State University-Chemistry",5,"(3,5]","control"
"448","Rice University-Mathematics",5,"(3,5]","treatment"
"449","Stony Brook University-Chemistry",5,"(3,5]","control"
"450","Tufts University-Physics",5,"(3,5]","treatment"
"451","University at Buffalo-Mathematics",5,"(3,5]","control"
"452","University of Arizona-Physics",5,"(3,5]","control"
"453","University of California, Riverside-Chemistry",5,"(3,5]","treatment"
"454","University of California, San Diego-Mechanical Engineering",5,"(3,5]","control"
"455","University of California, Santa Barbara-Chemistry",5,"(3,5]","treatment"
"456","University of California, Santa Barbara-Mathematics",5,"(3,5]","control"
"457","University of Florida-Mathematics",5,"(3,5]","control"
"458","University of Illinois Urbana-Champaign-Chemistry",5,"(3,5]","control"
"459","University of Louisiana at Lafayette-Mathematics",5,"(3,5]","control"
"460","University of Maryland, College Park-Computer Science",5,"(3,5]","treatment"
"461","University of Missouri-Mathematics",5,"(3,5]","control"
"462","Virginia Tech-Physics",5,"(3,5]","control"
"463","Washington University in St. Louis-Mathematics",5,"(3,5]","treatment"
"464","Washington University in St. Louis-Physics",5,"(3,5]","control"
"465","Boston University-Physics",6,"(5,7]","control"
"466","Carnegie Mellon University-Mathematics",6,"(5,7]","treatment"
"467","Georgia Institute of Technology-Chemistry",6,"(5,7]","treatment"
"468","Indiana University Bloomington-Chemistry",6,"(5,7]","control"
"469","Johns Hopkins University-Mathematics",6,"(5,7]","control"
"470","Massachusetts Institute of Technology-Physics",6,"(5,7]","treatment"
"471","Princeton University-Chemistry",6,"(5,7]","treatment"
"472","Tufts University-Mathematics",6,"(5,7]","control"
"473","University of Arizona-Chemistry",6,"(5,7]","control"
"474","University of California, Irvine-Computer Science",6,"(5,7]","treatment"
"475","University of Georgia-Chemistry",6,"(5,7]","control"
"476","University of Kentucky-Physics",6,"(5,7]","control"
"477","University of Louisville-Mathematics",6,"(5,7]","control"
"478","University of Michigan-Chemistry",6,"(5,7]","treatment"
"479","University of North Carolina at Chapel Hill-Chemistry",6,"(5,7]","control"
"480","University of North Carolina at Chapel Hill-Mathematics",6,"(5,7]","treatment"
"481","University of Notre Dame-Physics",6,"(5,7]","control"
"482","University of South Carolina-Mathematics",6,"(5,7]","control"
"483","University of Texas at Dallas-Mathematics",6,"(5,7]","treatment"
"484","University of Virginia-Physics",6,"(5,7]","control"
"485","Virginia Commonwealth University-Mathematics",6,"(5,7]","treatment"
"486","Virginia Tech-Mathematics",6,"(5,7]","control"
"487","Washington State University-Mathematics",6,"(5,7]","treatment"
"488","Auburn University-Mathematics",7,"(5,7]","control"
"489","Boston University-Computer Science",7,"(5,7]","treatment"
"490","Colorado State University-Mathematics",7,"(5,7]","treatment"
"491","Columbia University-Physics",7,"(5,7]","treatment"
"492","Dartmouth College-Mathematics",7,"(5,7]","treatment"
"493","George Mason University-Mathematics",7,"(5,7]","control"
"494","Iowa State University-Mathematics",7,"(5,7]","control"
"495","New York University-Physics",7,"(5,7]","treatment"
"496","North Carolina State University-Mathematics",7,"(5,7]","treatment"
"497","Purdue University-Mathematics",7,"(5,7]","treatment"
"498","Purdue University-Physics",7,"(5,7]","control"
"499","Temple University-Mathematics",7,"(5,7]","control"
"500","University of California, Irvine-Physics",7,"(5,7]","treatment"
"501","University of California, Los Angeles-Chemistry",7,"(5,7]","treatment"
"502","University of California, San Diego-Chemistry",7,"(5,7]","control"
"503","University of Delaware-Physics",7,"(5,7]","treatment"
"504","University of Maryland, College Park-Physics",7,"(5,7]","control"
"505","University of Oklahoma-Mathematics",7,"(5,7]","treatment"
"506","University of Tennessee-Mathematics",7,"(5,7]","control"
"507","Vanderbilt University-Mathematics",7,"(5,7]","control"
"508","Binghamton University-Mathematics",8,"(7,11]","control"
"509","Carnegie Mellon University-Computer Science",8,"(7,11]","control"
"510","Florida State University-Chemistry",8,"(7,11]","control"
"511","Johns Hopkins University-Physics",8,"(7,11]","control"
"512","Oregon State University-Mathematics",8,"(7,11]","treatment"
"513","Purdue University-Chemistry",8,"(7,11]","control"
"514","Tulane University-Mathematics",8,"(7,11]","treatment"
"515","University of California, Davis-Physics",8,"(7,11]","control"
"516","University of Wisconsin-Madison-Chemistry",8,"(7,11]","treatment"
"517","Cornell University-Computer Science",9,"(7,11]","control"
"518","Cornell University-Mathematics",9,"(7,11]","control"
"519","Indiana University Bloomington-Mathematics",9,"(7,11]","treatment"
"520","Northwestern University-Mathematics",9,"(7,11]","treatment"
"521","Oklahoma State University-Stillwater-Mathematics",9,"(7,11]","control"
"522","University of Connecticut-Mathematics",9,"(7,11]","treatment"
"523","University of Delaware-Mathematics",9,"(7,11]","treatment"
"524","University of Notre Dame-Mathematics",9,"(7,11]","treatment"
"525","University of Utah-Mathematics",9,"(7,11]","treatment"
"526","Wayne State University-Mathematics",9,"(7,11]","control"
"527","Yale University-Mathematics",9,"(7,11]","control"
"528","Ohio State University-Physics",10,"(7,11]","treatment"
"529","University of Houston-Mathematics",10,"(7,11]","treatment"
"530","University of Michigan-Computer Science",10,"(7,11]","treatment"
"531","University of Virginia-Mathematics",10,"(7,11]","control"
"532","University of Wisconsin-Madison-Physics",10,"(7,11]","control"
"533","Brown University-Mathematics",11,"(7,11]","control"
"534","New York University-Mathematics",11,"(7,11]","control"
"535","University of Georgia-Mathematics",11,"(7,11]","treatment"
"536","University of Illinois Urbana-Champaign-Physics",11,"(7,11]","treatment"
"537","University of Michigan-Physics",11,"(7,11]","treatment"
"538","University of Minnesota-Mathematics",11,"(7,11]","treatment"
"539","University of Pennsylvania-Mathematics",11,"(7,11]","control"
"540","Louisiana State University-Mathematics",12,"(11,17]","treatment"
"541","Stanford University-Mathematics",12,"(11,17]","treatment"
"542","University of Arizona-Mathematics",12,"(11,17]","treatment"
"543","University of California, Los Angeles-Physics",12,"(11,17]","treatment"
"544","University of Colorado Boulder-Mathematics",12,"(11,17]","control"
"545","University of Washington-Mathematics",12,"(11,17]","treatment"
"546","Michigan State University-Mathematics",13,"(11,17]","control"
"547","Rutgers University-New Brunswick-Mathematics",13,"(11,17]","control"
"548","Stony Brook University-Mathematics",13,"(11,17]","control"
"549","Stony Brook University-Physics",13,"(11,17]","treatment"
"550","University of California, Davis-Mathematics",13,"(11,17]","control"
"551","University of California, San Diego-Mathematics",13,"(11,17]","treatment"
"552","Texas A&M University-Mathematics",14,"(11,17]","treatment"
"553","University of California, Berkeley-Chemistry",14,"(11,17]","treatment"
"554","University of Massachusetts Amherst-Mathematics",15,"(11,17]","control"
"555","Massachusetts Institute of Technology-Mathematics",16,"(11,17]","control"
"556","Pennsylvania State University-Mathematics",16,"(11,17]","control"
"557","University of California, Irvine-Mathematics",16,"(11,17]","control"
"558","University of Chicago-Mathematics",16,"(11,17]","control"
"559","University of Maryland, College Park-Mathematics",16,"(11,17]","control"
"560","University of Wisconsin-Madison-Mathematics",16,"(11,17]","control"
"561","Columbia University-Mathematics",17,"(11,17]","treatment"
"562","Ohio State University-Mathematics",17,"(11,17]","treatment"
"563","Rutgers University-New Brunswick-Physics",18,"(17,26]","control"
"564","University of Michigan-Mathematics",20,"(17,26]","treatment"
"565","Princeton University-Mathematics",21,"(17,26]","control"
"566","University of California, Los Angeles-Mathematics",21,"(17,26]","control"
"567","Graduate Center, CUNY-Mathematics",22,"(17,26]","treatment"
"568","University of California, Berkeley-Mathematics",26,"(17,26]","treatment"
