Schools,Department,Link,Race,Gender,Name,Title,Website,Photo.Link,Research.Area
Arizona State University,mechanicalEngineering,https://semte.engineering.asu.edu/,Hispanic,Man,Pedro Peralta,Professor,https://search.asu.edu/profile/197020,https://academicphotos.s3.amazonaws.com/mechanicalEngineering/Arizona_State_University/Pedro_Peralta.jpg,"mechanics of materials, fatigue and fracture of metallic alloys, dynamic and shock loading of metallic and intermetallic materials with emphasis on effects of anisotropy and grain boundaries on mechanical behavior and failure"
Binghamton University,mechanicalEngineering,https://www.binghamton.edu/mechanical-engineering/,Hispanic,Man,Mir Jalil Razavi,Assistant Professor,https://www.binghamton.edu/mechanical-engineering/people/profile.html?id=mrazavi,https://academicphotos.s3.amazonaws.com/mechanicalEngineering/Binghamton_University/Mir_Jalil_Razavi.jpg,"solid/bio mechanics,mechanics of soft/bio materials, finite element modeling, fracture and fatigue mechanics"
Boston University,mechanicalEngineering,https://www.bu.edu/eng/departments/me/,Hispanic,Man,Valeri Frumkin,Assistant Professor,https://www.bu.edu/eng/profile/valeri-frumkin-ph-d/,https://academicphotos.s3.amazonaws.com/mechanicalEngineering/Boston_University/Valeri_Frumkin.jpg,"interfacial phenomena in fluid mechanics, hydrodynamic quantum analogs"
Brown University,mechanicalEngineering,https://www.brown.edu/academics/engineering/mechanical-engineering,Hispanic,Man,Gabriel Taubin,Professor,https://vivo.brown.edu/display/gtaubin#All,https://academicphotos.s3.amazonaws.com/mechanicalEngineering/Brown_University/Gabriel_Taubin.jpg,"computer graphics, 3d imaging"
Brown University,mechanicalEngineering,https://www.brown.edu/academics/engineering/mechanical-engineering,Black,Man,Kimani Toussaint,"Senior Associate Dean For Research And Strategic Initiatives, Thomas J. Watson Sr. Professor",https://engineering.brown.edu/people/kimani-toussaint,https://academicphotos.s3.amazonaws.com/mechanicalEngineering/Brown_University/Kimani_Toussaint.jpg,"optics, photonics, microscopy, biophotonics"
Brown University,mechanicalEngineering,https://www.brown.edu/academics/engineering/mechanical-engineering,Hispanic,Woman,Monica Martinez Wilhelmus,Thomas J. And Alice M. Tisch Assistant Professor,https://vivo.brown.edu/display/mmart119,https://academicphotos.s3.amazonaws.com/mechanicalEngineering/Brown_University/Monica_Martinez_Wilhelmus.jpg,"chemical engineering, biomaterials"
California Institute of Technology,mechanicalEngineering,https://www.mce.caltech.edu/,Black,Man,John O. Dabiri,Centennial Professor,https://mce.caltech.edu/people/jodabiri?back_url=%2Fpeople,https://academicphotos.s3.amazonaws.com/mechanicalEngineering/California_Institute_of_Technology/John_O._Dabiri.jpg,"fluid dynamics, bioengineering"
California Institute of Technology,mechanicalEngineering,https://www.mce.caltech.edu/,Hispanic,Man,Jose E. Andrade,George W. Housner Professor,https://mce.caltech.edu/people/jandrade?back_url=%2Fpeople,https://academicphotos.s3.amazonaws.com/mechanicalEngineering/California_Institute_of_Technology/Jos%C3%A9_E._Andrade.jpg,"civil engineering, geomechanics"
California Institute of Technology,mechanicalEngineering,https://www.mce.caltech.edu/,Native American,Man,Kaushik Bhattacharya,"Howell N. Tyson, Sr., Professor",https://mce.caltech.edu/people/bhatta?back_url=%2Fpeople,https://academicphotos.s3.amazonaws.com/mechanicalEngineering/California_Institute_of_Technology/Kaushik_Bhattacharya.jpg,mechanics of materials
California Institute of Technology,mechanicalEngineering,https://www.mce.caltech.edu/,Hispanic,Woman,Sandra M. Troian,Professor,https://mce.caltech.edu/people/stroian?back_url=%2Fpeople,https://academicphotos.s3.amazonaws.com/mechanicalEngineering/California_Institute_of_Technology/Sandra_M._Troian.jpg,"solid mechanics, materials science"
Carnegie Mellon University,mechanicalEngineering,https://www.meche.engineering.cmu.edu/,Black,Man,Conrad Tucker,Professor,https://www.meche.engineering.cmu.edu/directory/bios/tucker-conrad.html,https://academicphotos.s3.amazonaws.com/mechanicalEngineering/Carnegie_Mellon_University/Conrad_Tucker.jpg,"systems optimization and design, data mining"
Carnegie Mellon University,mechanicalEngineering,https://www.meche.engineering.cmu.edu/,Hispanic,Woman,Noelia Grande Gutierrez,Assistant Professor,https://www.meche.engineering.cmu.edu/directory/bios/grande-gutierrez-noelia.html,https://academicphotos.s3.amazonaws.com/mechanicalEngineering/Carnegie_Mellon_University/Noelia_Grande_Guti%C3%A9rrez.jpg,"cellular biomechanics, computational engineering and cardiovascular medicine"
Case Western Reserve University,mechanicalEngineering,https://engineering.case.edu/emae/,Black,Man,Brian Taylor,Assistant Professor,https://engineering.case.edu/about/school-directory/brian-taylor,https://academicphotos.s3.amazonaws.com/mechanicalEngineering/Case_Western_Reserve_University/Brian_Taylor.jpeg,bioinspired robotics
Clemson University,mechanicalEngineering,https://www.clemson.edu/cecas/departments/me/,Hispanic,Man,Enrique Martinez Saez,Associate Professor,https://www.clemson.edu/cecas/departments/me/people/faculty/saez.html,https://academicphotos.s3.amazonaws.com/mechanicalEngineering/Clemson_University/Dr._Enrique_Martinez_Saez.jpg,"advanced manufacturing, data analytics and machine learning'"
Clemson University,mechanicalEngineering,https://www.clemson.edu/cecas/departments/me/,Hispanic,Man,Rodrigo Martinez-Duarte,Associate Professor,https://www.clemson.edu/cecas/departments/me/people/faculty/martinez-duarte.html,https://academicphotos.s3.amazonaws.com/mechanicalEngineering/Clemson_University/Dr._Rodrigo_Martinez-Duarte.jpg,"advanced manufacturing, biomedical systems, microfluidics"
Colorado School of Mines,mechanicalEngineering,https://mechanical.mines.edu/,Hispanic,Woman,Veronica Eliasson,Associate Professor,https://mechanical.mines.edu/project/eliasson-veronica/,https://academicphotos.s3.amazonaws.com/mechanicalEngineering/Colorado_School_of_Mines/Veronica_Eliasson.jpg,"shock wave physics, fluid dynamics"
Columbia University,mechanicalEngineering,https://me.columbia.edu/,Hispanic,Woman,Karen E. Kasza,Associate Professor,https://www.me.columbia.edu/faculty/karen-kasza,https://academicphotos.s3.amazonaws.com/mechanicalEngineering/Columbia_University/Karen_E_Kasza.jpg,"cellular biomechanics, tissue engineering"
Cornell University,mechanicalEngineering,https://www.mae.cornell.edu/,Hispanic,Woman,Cara Nunez,Assistant Professor,https://www.engineering.cornell.edu/faculty-directory/cara-nunez,https://academicphotos.s3.amazonaws.com/mechanicalEngineering/Cornell_University/Cara_Nunez.jpg,"biomedical engineering, biomechanics"
Florida International University,mechanicalEngineering,https://me.fiu.edu/,Black,Man,Darryl Dickerson,Assistant Professor,https://mme.fiu.edu/faculty-staff-members/darryl-dickerson,https://academicphotos.s3.amazonaws.com/mechanicalEngineering/Florida_International_University/Darryl_Dickerson.jpg,"tissue engineering, biomechanics"
Florida International University,mechanicalEngineering,https://me.fiu.edu/,Black,Man,Norman D. H. Munroe,Professor,https://mme.fiu.edu/faculty-staff-members/norman-munroe,https://academicphotos.s3.amazonaws.com/mechanicalEngineering/Florida_International_University/Norman_D._H._Munroe.jpg,"biomedical engineering, biomaterials"
Florida State University,mechanicalEngineering,https://www.eng.famu.fsu.edu/me,Black,Man,Peter Kalu,Professor,https://eng.famu.fsu.edu/me/people/kalu,https://academicphotos.s3.amazonaws.com/mechanicalEngineering/Florida_State_University/Peter_Kalu.jpg,"processing using severe plastic deformation, magnetic processing of materials, micromechanism of deformation and recrystallization"
Florida State University,mechanicalEngineering,https://www.eng.famu.fsu.edu/me,Black,Woman,Simone Peterson Hruda,Associate Professor,https://eng.famu.fsu.edu/me/people/peterson-hruda,https://academicphotos.s3.amazonaws.com/mechanicalEngineering/Florida_State_University/Simone_Peterson_Hruda.jpeg,"ceramic processing and characterization, engineering education"
Florida State University,mechanicalEngineering,https://www.eng.famu.fsu.edu/me,Black,Man,Carl Moore,Associate Professor,https://eng.famu.fsu.edu/me/people/moore,https://academicphotos.s3.amazonaws.com/mechanicalEngineering/Florida_State_University/Carl_Moore.jpg,"robotics, automation"
Florida State University,mechanicalEngineering,https://www.eng.famu.fsu.edu/me,Hispanic,Man,Juan Ordonez,Professor,https://eng.famu.fsu.edu/me/people/ordonez-j,https://academicphotos.s3.amazonaws.com/mechanicalEngineering/Florida_State_University/Juan_Ord%C3%B3%C3%B1ez.jpg,"thermodynamics, advanced power systems"
George Mason University,mechanicalEngineering,https://mechanical.gmu.edu/,Hispanic,Man,Juan Cebral,Professor,https://mechanical.gmu.edu/profiles/jcebral,https://academicphotos.s3.amazonaws.com/mechanicalEngineering/George_Mason_University/Juan_Cebral.jpg,biomechanics
George Mason University,mechanicalEngineering,https://mechanical.gmu.edu/,Black,Man,Quentin Sanders,Assistant Professor,https://mechanical.gmu.edu/profiles/qsanders,https://academicphotos.s3.amazonaws.com/mechanicalEngineering/George_Mason_University/Quentin_Sanders.jpg,"bio-medical robots, soft robots"
George Mason University,mechanicalEngineering,https://mechanical.gmu.edu/,Black,Man,Saanyol Ityokumbul Igbax,Assistant Professor,https://mechanical.gmu.edu/profiles/sigbax,https://academicphotos.s3.amazonaws.com/mechanicalEngineering/George_Mason_University/Saanyol_Ityokumbul_Igbax.jpg,"curriculum review technical education, gender enrollment indices,
additive materials, properties and evaluation, design of mechanical and energy systems, biodiesel optimization, application of ultrasound and electrostatics in production and separation techniques"
George Washington University,mechanicalEngineering,https://www.mae.seas.gwu.edu/,Hispanic,Woman,Lorena A. Barba,Professor,https://mae.engineering.gwu.edu/node/756,https://academicphotos.s3.amazonaws.com/mechanicalEngineering/George_Washington_University/Lorena_A._Barba.jpg,"fluid mechanics, thermal science and energy, high-performance computing, mechanical engineering"
Georgia Institute of Technology,mechanicalEngineering,https://www.me.gatech.edu/,Black,Man,Baratunde A. Cola,Professor,https://www.me.gatech.edu/faculty/cola,https://academicphotos.s3.amazonaws.com/mechanicalEngineering/Georgia_Institute_of_Technology/Baratunde_A._Cola.jpg,"heat transfer, combustion and energy systems"
Georgia Institute of Technology,mechanicalEngineering,https://www.me.gatech.edu/,Black,Man,Frank L. Hammond III,Assistant Professor,https://www.me.gatech.edu/faculty/hammond,https://academicphotos.s3.amazonaws.com/mechanicalEngineering/Georgia_Institute_of_Technology/Frank_L._Hammond_III.jpg,bioengineering
Georgia Institute of Technology,mechanicalEngineering,https://www.me.gatech.edu/,Black,Man,Samuel Graham,Professor,https://www.me.gatech.edu/faculty/graham,https://academicphotos.s3.amazonaws.com/mechanicalEngineering/Georgia_Institute_of_Technology/Samuel_Graham.jpg,micro and nano engineering
Georgia Institute of Technology,mechanicalEngineering,https://www.me.gatech.edu/,Black,Woman,Tequila A. L. Harris,Professor,https://www.me.gatech.edu/faculty/harris,https://academicphotos.s3.amazonaws.com/mechanicalEngineering/Georgia_Institute_of_Technology/Tequila_A._L._Harris.jpg,manufacturing
Iowa State University,mechanicalEngineering,https://www.me.iastate.edu/,Hispanic,Woman,Carmen L. Gomes,Associate Professor,https://www.me.iastate.edu/faculty/profile/carmen,https://academicphotos.s3.amazonaws.com/mechanicalEngineering/Iowa_State_University/Carmen_L_Gomes.jpg,"biosensors;
nanotechnology;
diagnostics and drug-delivery;
design of novel nanoscale materials using biopolymers;
design of biosensors using nanotechnology approaches;
stimuli-responsive nanostructures;
food safety and shelf-life extension of food products;
delivery systems and sensing platforms.
"
Iowa State University,mechanicalEngineering,https://www.me.iastate.edu/,Black,Man,Mark Mbawright,Associate Professor,https://www.me.iastate.edu/faculty/profile/markmw,https://academicphotos.s3.amazonaws.com/mechanicalEngineering/Iowa_State_University/Mark_Mba-Wright.jpg,"energy systems analysis, biomass conversion technologies
"
Iowa State University,mechanicalEngineering,https://www.me.iastate.edu/,Black,Woman,Sarah A. Bentil,Associate Professor,https://www.me.iastate.edu/faculty/profile/sbentil,https://academicphotos.s3.amazonaws.com/mechanicalEngineering/Iowa_State_University/Sarah_A._Bentil.jpg,"soft tissue biomechanics,
biomaterials,
traumatic brain injuries,
blast impact injury mechanisms,
high-speed imaging,
brain-machine interfaces,
blunt impact injury mechanisms
"
Johns Hopkins University,mechanicalEngineering,https://engineering.jhu.edu/mechanical/,Black,Man,Jeremy Brown,Assistant Professor,https://me.jhu.edu/faculty/jeremy-brown/,https://academicphotos.s3.amazonaws.com/mechanicalEngineering/Johns_Hopkins_University/Jeremy_Brown.jpeg,"haptic feedback, upper-limb prosthetics, surgical robotics, rehabilitation robotics, human-machine interaction"
Louisiana State University,mechanicalEngineering,https://www.lsu.edu/eng/mie/,Black,Man,Ope Owoyele,Assistant Professor,https://www.lsu.edu/eng/mie/people/faculty/opeowoyele.php,https://academicphotos.s3.amazonaws.com/mechanicalEngineering/Louisiana_State_University/Ope_Owoyele.jpg,"data science and machine learning, turbulent combustion modeling, computational fluid dynamics, reduced-order modeling"
Massachusetts Institute of Technology,mechanicalEngineering,https://meche.mit.edu/,Black,Woman,Loza Tadesse,Professor,https://meche.mit.edu/people/faculty/lozat@mit.edu,https://academicphotos.s3.amazonaws.com/mechanicalEngineering/Massachusetts_Institute_of_Technology/Loza_Tadesse.jpg,"medical diagnostics, cell type monitoring, and detection, optics, spectroscopy, plasmonics and nanophotonics, machine learning, spectral analysis, and tools for limited dataset"
Montana State University,mechanicalEngineering,https://www.montana.edu/mie/,Hispanic,Woman,Roberta Amendola,Associate Professor,https://www.montana.edu/mie/directory/1523854/roberta-amendola,https://academicphotos.s3.amazonaws.com/mechanicalEngineering/Montana_State_University/Dr._Roberta_Amendola.jpg,"fundamental and applied research into materials degradation and durability in extreme environments for energy, power, and propulsio"
New Jersey Institute of Technology,mechanicalEngineering,https://mie.njit.edu/,Black,Man,Kwabena Narh,Professor,https://people.njit.edu/profile/narh,https://academicphotos.s3.amazonaws.com/mechanicalEngineering/New_Jersey_Institute_of_Technology/Kwabena_Narh.jpeg,"crystallization kinetics and phase transitions in plastics processing, polymer degradation, melt extrusions, pvt measurements, self-reinforcing composites, nanocomposites, thermal contact resistance in material processing"
New Jersey Institute of Technology,mechanicalEngineering,https://mie.njit.edu/,Black,Man,Sanchoy Das,Professor,https://sites.google.com/njit.edu/das/home,https://academicphotos.s3.amazonaws.com/mechanicalEngineering/New_Jersey_Institute_of_Technology/Sanchoy_Das.jpg,"commutative algebra and algebraic geometry, commutative algebra and algebraic geometry"
North Carolina State University,mechanicalEngineering,https://www.mae.ncsu.edu/,Black,Man,Gracious Ngaile,Professor,https://www.mae.ncsu.edu/people/gngaile/,https://academicphotos.s3.amazonaws.com/mechanicalEngineering/North_Carolina_State_University/Gracious_Ngaile.jpeg,"advance the understanding of plastic forming of metals through a combination of numerical solutions, analytical models, and experimentation"
North Carolina State University,mechanicalEngineering,https://www.mae.ncsu.edu/,Black,Man,Darius Carter,Assistant Professor,https://www.mae.ncsu.edu/people/darius-carter/,https://academicphotos.s3.amazonaws.com/mechanicalEngineering/North_Carolina_State_University/Darius_Carter.png,"near and complex boundary flight for multirotor vehicles, multirotor aerodynamic interactions"
North Dakota State University,mechanicalEngineering,https://www.ndsu.edu/me/,Black,Man,Majura Selekwa,Associate Professor,https://web1.eng.famu.fsu.edu/~majura/majura.html,https://academicphotos.s3.amazonaws.com/mechanicalEngineering/North_Dakota_State_University/Majura_Selekwa.jpg,"control systems, dynamics"
Northeastern University,mechanicalEngineering,https://mie.northeastern.edu/,Hispanic,Man,Carlos Hidrovo,Associate Professor,https://coe.northeastern.edu/people/hidrovo-chavez-carlos/,https://academicphotos.s3.amazonaws.com/mechanicalEngineering/Northeastern_University/Carlos_Hidrovo.jpg,"multiscale and multiphase flow and transport phenomena, surface tension interactions in micro/nanoengineered structures"
Northeastern University,mechanicalEngineering,https://mie.northeastern.edu/,Black,Woman,Marilyn L. Minus,Professor,https://coe.northeastern.edu/people/minus-marilyn/,https://academicphotos.s3.amazonaws.com/mechanicalEngineering/Northeastern_University/Marilyn_L._Minus.jpg,process-structure-properties relationships in polymer-based nano-composites fibers; polymer/nano-carbon interfacial interactions and interphase formations
Northwestern University,mechanicalEngineering,https://www.mccormick.northwestern.edu/mechanical/,Black,Man,Oluwaseyi Balogun,Associate Professor,https://www.mccormick.northwestern.edu/research-faculty/directory/profiles/balogun-oluwaseyi.html,https://academicphotos.s3.amazonaws.com/mechanicalEngineering/Northwestern_University/Oluwaseyi_Balogun.jpeg,"optical and acoustic wave sensing, biomechancs of soft materials"
Ohio State University,mechanicalEngineering,https://mae.osu.edu/,Hispanic,Woman,Annie Abell,Associate Professor,https://mae.osu.edu/people/abell.9,https://academicphotos.s3.amazonaws.com/mechanicalEngineering/Ohio_State_University/Annie_Abell.jpg,"engineering design, product design"
Pennsylvania State University,mechanicalEngineering,https://www.me.psu.edu/,Hispanic,Man,Daniel Cortes,Associate Professor,https://www.me.psu.edu/department/directory-detail-g.aspx?q=DHC13,https://academicphotos.s3.amazonaws.com/mechanicalEngineering/Pennsylvania_State_University/Daniel_Cortes.jpg,biomechanics and mechanobiology
Princeton University,mechanicalEngineering,https://mae.princeton.edu/,Black,Woman,Aimy Wissa,Assistant Professor,https://mae.princeton.edu/people/faculty/wissa,https://academicphotos.s3.amazonaws.com/mechanicalEngineering/Princeton_University/Aimy_Wissa.jpg,"control, robotics and dynamical systems, fluid mechanics"
Princeton University,mechanicalEngineering,https://mae.princeton.edu/,Black,Woman,Christine Allen-Blanchette,Assistant Professor,https://mae.princeton.edu/people/faculty/allen-blanchette,https://academicphotos.s3.amazonaws.com/mechanicalEngineering/Princeton_University/Christine_Allen-Blanchette.jpg,"control, robotics and dynamical systems"
Purdue University,mechanicalEngineering,https://engineering.purdue.edu/ME,Hispanic,Man,Eduardo Barocio Vaca,Assistant Professor,https://engineering.purdue.edu/ME/People/ptProfile?resource_id=120407,https://academicphotos.s3.amazonaws.com/mechanicalEngineering/Purdue_University/Eduardo_Barocio_Vaca.jpg,"design & manufacturing, solid mechanics"
Purdue University,mechanicalEngineering,https://engineering.purdue.edu/ME,Hispanic,Man,Hector Gomez,Professor,https://engineering.purdue.edu/ME/People/ptProfile?resource_id=157698,https://academicphotos.s3.amazonaws.com/mechanicalEngineering/Purdue_University/Hector_Gomez.jpg,fluid mechanics
Purdue University,mechanicalEngineering,https://engineering.purdue.edu/ME,Black,Man,James Gibert,Associate Professor,https://engineering.purdue.edu/ME/People/ptProfile?resource_id=127242,https://academicphotos.s3.amazonaws.com/mechanicalEngineering/Purdue_University/James_Gibert.jpg,"dynamics & vibration, solid mechanics"
Purdue University,mechanicalEngineering,https://engineering.purdue.edu/ME,Hispanic,Man,Marcial Gonzalez,Associate Professor,https://engineering.purdue.edu/ME/People/ptProfile?resource_id=106137,https://academicphotos.s3.amazonaws.com/mechanicalEngineering/Purdue_University/Marcial_Gonzalez.jpg,"dynamics & vibration, solid mechanics"
Purdue University,mechanicalEngineering,https://engineering.purdue.edu/ME,Black,Woman,Monique Mcclain,Assistant Professor,https://engineering.purdue.edu/ME/People/ptProfile?resource_id=242960,https://academicphotos.s3.amazonaws.com/mechanicalEngineering/Purdue_University/Monique_McClain.jpg,"thermodynamics, systems, measurements & controls"
Rice University,mechanicalEngineering,https://mech.rice.edu/,Black,Woman,C. Fred Higgs III,Professor,https://profiles.rice.edu/faculty/c-fred-higgs-iii,https://academicphotos.s3.amazonaws.com/mechanicalEngineering/Rice_University/C._Fred_Higgs_III.jpg,"basic principles of tribology, fluid and rheological mechanics"
Rutgers University-New Brunswick,mechanicalEngineering,https://mae.rutgers.edu/,Black,Woman,Kimberly Cook-Chennault,Associate Professor,https://mae.rutgers.edu/kimberly-cook-chennault,https://academicphotos.s3.amazonaws.com/mechanicalEngineering/Rutgers_University%C3%83%C2%A2%C3%A2%E2%80%9A%C2%AC%C3%A2%E2%82%AC%C5%93New_Brunswick/Kimberly_Cook-Chennault.jpg,"piezoelectric materials, energy harvesting"
Stanford University,mechanicalEngineering,https://me.stanford.edu/,Black,Woman,Michaelle Ntala Mayalu,Assistant Professor,https://me.stanford.edu/people/michaelle-mayalu,https://academicphotos.s3.amazonaws.com/mechanicalEngineering/Stanford_University/Micha%C3%ABlle_Ntala_Mayalu.jpg,"dynamic systems and control, biomolecular systems"
Stanford University,mechanicalEngineering,https://me.stanford.edu/,Black,Man,Monroe Kennedy III,Assistant Professor,https://me.stanford.edu/people/monroe-kennedy,https://academicphotos.s3.amazonaws.com/mechanicalEngineering/Stanford_University/Monroe_Kennedy_III.jpg,"robotics, robotic assistants"
Stony Brook University,mechanicalEngineering,https://me.stonybrook.edu/,Black,Man,Foluso Ladeinde,Associate Professor,https://me.stonybrook.edu/people/faculty/Ladeinde_Foluso.php,https://academicphotos.s3.amazonaws.com/mechanicalEngineering/Stony_Brook_University/Foluso_Ladeinde.jpg,"compressible turbulence, preferably with combustion"
Stony Brook University,mechanicalEngineering,https://me.stonybrook.edu/,Black,Man,Juldeh Sesay,Associate Professor,https://me.stonybrook.edu/people/faculty/Sesay_Juldeh.php,https://academicphotos.s3.amazonaws.com/mechanicalEngineering/Stony_Brook_University/Juldeh_Sesay.jpg,"development of theoretical and computational techniques in the areas of heat transfer, fluid dynamics, combustion in propulsion system and also in the student of incompressible fluid flow in the biomedical field"
Texas A&M University,mechanicalEngineering,https://engineering.tamu.edu/mechanical/index.html,Black,Man,Chandler Benjamin,Assistant Professor,https://engineering.tamu.edu/mechanical/profiles/benjamin-chandler.html,https://academicphotos.s3.amazonaws.com/mechanicalEngineering/Texas_A&M_University/Chandler_Benjamin.jpg,"mechanics of soft solids, biomechanics"
Texas A&M University,mechanicalEngineering,https://engineering.tamu.edu/mechanical/index.html,Hispanic,Man,Dion S. Antao,Assistant Professor,https://engineering.tamu.edu/mechanical/profiles/antao-dion.html,https://academicphotos.s3.amazonaws.com/mechanicalEngineering/Texas_A&M_University/Dion_S._Antao.jpg,"nano-to-macroscale heat transfer, fluid dynamics and interfacial phenomena"
Texas A&M University,mechanicalEngineering,https://engineering.tamu.edu/mechanical/index.html,Hispanic,Man,Guillermo Aguilar,Professor,https://engineering.tamu.edu/mechanical/profiles/aguilar-guillermo.html,https://academicphotos.s3.amazonaws.com/mechanicalEngineering/Texas_A&M_University/Guillermo_Aguilar.jpg,"biological tissue thermal management/cryogenic spray cooling, biomedical optics/biomaterials development and characterization"
Texas A&M University,mechanicalEngineering,https://engineering.tamu.edu/mechanical/index.html,Hispanic,Man,Michael Moreno,Associate Professor,https://engineering.tamu.edu/mechanical/profiles/moreno-michael.html,https://academicphotos.s3.amazonaws.com/mechanicalEngineering/Texas_A&M_University/Michael_Moreno.jpg,experimental biomechanics and biomechanical engineering
Texas Tech University,mechanicalEngineering,https://www.depts.ttu.edu/me/,Hispanic,Woman,Adelia Aquino,Associate Professor,https://www.depts.ttu.edu/me/faculty/adelia_aquino/index.php,https://academicphotos.s3.amazonaws.com/mechanicalEngineering/Texas_Tech_University/ADELIA_AQUINO.jpg,"computer simulations based on quantum chemical methods applied to energy, renewable energy, biological, environmental and related fields"
Texas Tech University,mechanicalEngineering,https://www.depts.ttu.edu/me/,Black,Man,Stephen Ekwaroosire,Associate Professor,https://www.depts.ttu.edu/me/faculty/stephen_ekwaro-osire/index.php,https://academicphotos.s3.amazonaws.com/mechanicalEngineering/Texas_Tech_University/STEPHEN_EKWARO-OSIRE.jpg,"uncertainty quantification, structural health diagnosis and prognosis"
Texas Tech University,mechanicalEngineering,https://www.depts.ttu.edu/me/,Hispanic,Man,Victor Maldonado,Associate Professor,https://www.depts.ttu.edu/me/faculty/victor_maldonado/index.php,https://academicphotos.s3.amazonaws.com/mechanicalEngineering/Texas_Tech_University/VICTOR_MALDONADO.jpg,"high energy fluid mechanics  , breakdown and control of vortex structures"
Tufts University,mechanicalEngineering,https://engineering.tufts.edu/me,Black,Man,Trevion Henderson,Assistant Professor,https://engineering.tufts.edu/me/people/faculty/trevion-henderson,https://academicphotos.s3.amazonaws.com/mechanicalEngineering/Tufts_University/Trevion_Henderson.jpg,"engineering education; diversity, equity, and inclusion"
Tulane University,mechanicalEngineering,https://sse.tulane.edu/me,Hispanic,Man,Nicholas R. Sandoval,Associate Professor,https://sse.tulane.edu/cbe/faculty/sandoval,https://academicphotos.s3.amazonaws.com/mechanicalEngineering/Tulane_University/Nicholas_R_Sandoval.jpeg,"genome engineering, metabolic engineering"
University of Alabama,mechanicalEngineering,https://me.eng.ua.edu/,Hispanic,Man,Daniel J. Fonseca,Associate Professor,https://eng.ua.edu/eng-directory/dr-daniel-j-fonseca/,https://academicphotos.s3.amazonaws.com/mechanicalEngineering/University_of_Alabama/Daniel_J._Fonseca.jpg,"artificial intelligence, data mining"
University of Alabama at Birmingham,mechanicalEngineering,https://www.uab.edu/engineering/me/,Black,Woman,Selvum Pillay,Professor,https://www.uab.edu/engineering/mme/people/faculty/selvum-pillay,https://academicphotos.s3.amazonaws.com/mechanicalEngineering/University_of_Alabama_at_Birmingham/Selvum_Pillay.jpg,"composite materials, manufacturing, quality, engineering design"
University of Arkansas,mechanicalEngineering,https://mechanical-engineering.uark.edu/,Black,Man,Uche Wejinya,Associate Professor,https://mechanical-engineering.uark.edu/Directory/index/uid/uwejinya/name/Uche+Wejinya/,https://academicphotos.s3.amazonaws.com/mechanicalEngineering/University_of_Arkansas/Uche_Wejinya.jpeg,mechatronics with emphasis on nanotechnology
"University of California, Berkeley",mechanicalEngineering,https://me.berkeley.edu/,Black,Woman,Grace D. Oconnell,Professor,https://me.berkeley.edu/people/grace-d-oconnell/,https://academicphotos.s3.amazonaws.com/mechanicalEngineering/University_of_California%2C_Berkeley/Grace_D._O%E2%80%99Connell.jpg,biomechanics of cartilage and intervertebral disc; tissue engineering
"University of California, Berkeley",mechanicalEngineering,https://me.berkeley.edu/,Black,Man,Kosa Goucher-Lambert,Assistant Professor,https://me.berkeley.edu/people/kosa-goucher-lambert/,"https://academicphotos.s3.amazonaws.com/mechanicalEngineering/University_of_California,_Berkeley/Kosa_Goucher-Lambert.jpg","design theory, methodology"
"University of California, Davis",mechanicalEngineering,https://mae.ucdavis.edu/,Hispanic,Woman,Raissa M. Dsouza,Professor,https://mae.ucdavis.edu/directory/raissa-dsouza,"https://academicphotos.s3.amazonaws.com/mechanicalEngineering/University_of_California,_Davis/Raissa_M._D_Souza.jpg","network science, complex systems"
"University of California, Davis",mechanicalEngineering,https://mae.ucdavis.edu/,Black,Man,Ralph C. Aldredge,Professor,https://mae.ucdavis.edu/directory/ralph-aldredge,"https://academicphotos.s3.amazonaws.com/mechanicalEngineering/University_of_California,_Davis/Ralph_C._Aldredge.jpg","combustion, heat transfer"
"University of California, San Diego",mechanicalEngineering,https://mae.ucsd.edu/,Black,Man,Mamadou Diagne,Assistant Professor,https://jacobsschool.ucsd.edu/people/profile/mamadou-diagne-0?_gl=1*1oxutzs*_ga*MjE0NTY5OTk1LjE3MTc1NDYwOTk.*_ga_PWJGRGMV0T*MTcxNzU1Njk5MC4xLjEuMTcxNzU2NTM0MS4wLjAuMA..,https://academicphotos.s3.amazonaws.com/mechanicalEngineering/University_of_California_San_Diego/Mamadou_Diagne.jpeg,"controls, differential equations"
"University of California, San Diego",mechanicalEngineering,https://mae.ucsd.edu/,Black,Man,Michael Frazier,Assistant Professor,https://jacobsschool.ucsd.edu/faculty/profile?id=459,https://academicphotos.s3.amazonaws.com/mechanicalEngineering/University_of_California_San_Diego/Michael_Frazier.jpeg,mechanics and dynamics of a class of synthetic materials – metamaterials – with an emphasis on the influence and utility of prescribed multi-stability
"University of California, San Diego",mechanicalEngineering,https://mae.ucsd.edu/,Hispanic,Woman,Patricia Hidalgo-Gonzalez,Assistant Professor,https://jacobsschool.ucsd.edu/faculty/profile?id=511&_gl=1*1fsqwul*_ga*MjE0NTY5OTk1LjE3MTc1NDYwOTk.*_ga_PWJGRGMV0T*MTcxNzU2ODI5Ni4yLjEuMTcxNzU2ODM3Ny4wLjAuMA..,https://academicphotos.s3.amazonaws.com/mechanicalEngineering/University_of_California_San_Diego/Patricia_Hidalgo-Gonzalez.jpg,"renewable energy, optimization"
"University of California, San Diego",mechanicalEngineering,https://mae.ucsd.edu/,Hispanic,Woman,Sonia Martinez Diaz,Professor,https://jacobsschool.ucsd.edu/faculty/profile?id=239&_gl=1*1unextk*_ga*MjE0NTY5OTk1LjE3MTc1NDYwOTk.*_ga_PWJGRGMV0T*MTcxNzU2ODI5Ni4yLjEuMTcxNzU2ODQ1Ni4wLjAuMA..,https://academicphotos.s3.amazonaws.com/mechanicalEngineering/University_of_California_San_Diego/Sonia_Martinez_Diaz.jpg,"distributed motion coordination algorithms, distributed estimation and data gathering"
"University of California, San Diego",mechanicalEngineering,https://mae.ucsd.edu/,Black,Woman,Stephanie Lindsey,Assistant Professor,https://www.stephanielindseyphd.com/team.html,"https://academicphotos.s3.amazonaws.com/mechanicalEngineering/University_of_California,_San_Diego/Stephanie_Lindsey.jpg","fluid mechanics, numerical analysis"
"University of California, San Diego",mechanicalEngineering,https://mae.ucsd.edu/,Hispanic,Man,Jorge Cortes,Professor,http://terrano.ucsd.edu/jorge/?_gl=1*3ew4cq*_ga*OTE3MjU1MDk2LjE3MTU3ODM5MTQ.*_ga_PWJGRGMV0T*MTcxNTc4MzkxNS4xLjEuMTcxNTc4NDE4OS4wLjAuMA..,https://academicphotos.s3.amazonaws.com/mechanicalEngineering/University_of_California_San_Diego/Jorge_Cortes.jpg,"systems and control, cooperative control, network optimization, distributed decision making and autonomy, systems orchestration, network science and complex systems, game theory, multi-agent coordination in robotics, transportation, power systems, and neuroscience, nonsmooth analysis, and geometric mechanics"
"University of California, Santa Barbara",mechanicalEngineering,https://me.ucsb.edu/,Black,Man,Ousmane Kodio,Assistant Professor,https://me.ucsb.edu/people/ousmane-kodio,"https://academicphotos.s3.amazonaws.com/mechanicalEngineering/University_of_California,_Santa_Barbara/Ousmane_Kodio.jpg","bioengineering & systems biology, dynamic systems, control & robotics"
University of Delaware,mechanicalEngineering,https://me.udel.edu/,Black,Man,Pierre Yao,Assistant Professor,https://me.udel.edu/faculty/pierre-yao/,https://academicphotos.s3.amazonaws.com/mechanicalEngineering/University_of_Delaware/PIERRE_YAO.jpg,clean energy & environment
University of Georgia,mechanicalEngineering,https://www.engr.uga.edu/mechanical-engineering,Black,Woman,Christina H. Fuller,Associate Professor,https://engineering.uga.edu/team_member/christina-h-fuller/,https://academicphotos.s3.amazonaws.com/mechanicalEngineering/University_of_Georgia/CHRISTINA_H._FULLER.jpg,"environmental health and justice, air pollution"
University of Georgia,mechanicalEngineering,https://www.engr.uga.edu/mechanical-engineering,Hispanic,Man,Felix Santiago-Collazo,Assistant Professor,https://engineering.uga.edu/team_member/felix-santiago-collazo/,https://academicphotos.s3.amazonaws.com/mechanicalEngineering/University_of_Georgia/F%C3%89LIX_SANTIAGO-COLLAZO.jpg,"multi-flood hazard assessments, hybrid infrastructure solutions and smart water systems"
University of Kentucky,mechanicalEngineering,https://www.engr.uky.edu/mechanical,Black,Woman,Johne Parker,Associate Professor,https://www.engr.uky.edu/directory/parker-john%C3%A9,https://academicphotos.s3.amazonaws.com/mechanicalEngineering/University_of_Kentucky/John%C3%A9_Parker.jpg,"image-processing, imaging sensor/system modeling"
University of Kentucky,mechanicalEngineering,https://www.engr.uky.edu/mechanical,Black,Man,Nelson Akafuah,Associate Professor,https://www.engr.uky.edu/directory/akafuah-nelson,https://academicphotos.s3.amazonaws.com/mechanicalEngineering/University_of_Kentucky/Nelson_Akafuah.jpg,"paint processes for automotive oems and tier one suppliers, implementing systems/tools to enhance energy efficiency and overall performance levels"
University of Louisville,mechanicalEngineering,https://louisville.edu/speed/mechanical,Hispanic,Man,Peter Queseda,Professor,https://engineering.louisville.edu/faculty/peter-m-quesada/,https://academicphotos.s3.amazonaws.com/mechanicalEngineering/University_of_Louisville/Peter_Queseda.jpg,biomechanics
"University of Maryland, Baltimore County",mechanicalEngineering,https://me.umbc.edu/,Black,Man,Paris Von Lockette,Professor,https://me.umbc.edu/directory/,"https://academicphotos.s3.amazonaws.com/mechanicalEngineering/University_of_Maryland,_Baltimore_County/Paris_Von_Lockette.jpg","experimental fluid mechanics, volumetric measurement of complex flows"
"University of Maryland, College Park",mechanicalEngineering,https://enme.umd.edu/,Black,Woman,Damena Agonafer,Associate Professor,https://enme.umd.edu/clark/faculty/1724/Damena-Agonafer,"https://academicphotos.s3.amazonaws.com/mechanicalEngineering/University_of_Maryland,_College_Park/Agonafer,_Damena.jpg","thermal-fluid sciences, interfacial transport phenomena"
"University of Maryland, College Park",mechanicalEngineering,https://enme.umd.edu/,Black,Man,Samuel Graham Jr.,Nariman Farvardin Professor,https://enme.umd.edu/clark/faculty/1618/Samuel-GrahamJr,"https://academicphotos.s3.amazonaws.com/mechanicalEngineering/University_of_Maryland,_College_Park/Graham,_Jr.,_Samuel.jpg","fabrication, encapsulation and packaging of semiconductor devices"
"University of Maryland, College Park",mechanicalEngineering,https://enme.umd.edu/,Hispanic,Woman,Cecilia Huertas Cerdeira,Assistant Professor,https://enme.umd.edu/clark/faculty/1617/Cecilia-Huertas-Cerdeira,"https://academicphotos.s3.amazonaws.com/mechanicalEngineering/University_of_Maryland,_College_Park/Huertas_Cerdeira,_Cecilia.jpg","fluid mechanics, fluid-structure interactions"
University of Memphis,mechanicalEngineering,https://www.memphis.edu/me/,Black,Man,Alexander J. Headley,Assistant Professor,https://www.memphis.edu/me/faculty/headley.php,https://academicphotos.s3.amazonaws.com/mechanicalEngineering/University_of_Memphis/Alexander_J._Headley.jpg,energy storage
University of Memphis,mechanicalEngineering,https://www.memphis.edu/me/,Black,Man,Gladius Lewis,Professor,https://www.memphis.edu/me/faculty/lewis.php,https://academicphotos.s3.amazonaws.com/mechanicalEngineering/University_of_Memphis/Gladius_Lewis.jpg,"biomechanics (models of human joints w/without implants), biomaterials (especially acrylic bone cement uhmwpe)"
University of Memphis,mechanicalEngineering,https://www.memphis.edu/me/,Black,Man,Okenwa Okoli,Professor,https://www.memphis.edu/me/faculty/index.php,https://academicphotos.s3.amazonaws.com/mechanicalEngineering/University_of_Memphis/Okenwa_Okoli.jpg,"cost effective, environmentally benign manufacture of advanced composites and multiscale, multifunctional structures"
University of Michigan,mechanicalEngineering,https://me.engin.umich.edu/,Black,Man,Chinedum Okwudire,Professor,https://me.engin.umich.edu/people/faculty/chinedum-okwudire/,https://academicphotos.s3.amazonaws.com/mechanicalEngineering/University_of_Michigan/Chinedum_Okwudire.jpg,"controls, design"
University of Michigan,mechanicalEngineering,https://me.engin.umich.edu/,Black,Man,David Kwabi,Assistant Professor,https://me.engin.umich.edu/people/faculty/david-kwabi/,https://academicphotos.s3.amazonaws.com/mechanicalEngineering/University_of_Michigan/David_Kwabi.jpg,"energy, micro/nano engineering"
University of Michigan,mechanicalEngineering,https://me.engin.umich.edu/,Black,Man,James Holly Jr.,Assistant Professor,https://me.engin.umich.edu/people/faculty/james-holly-jr/,"https://academicphotos.s3.amazonaws.com/mechanicalEngineering/University_of_Michigan/James_Holly,_Jr..jpg","design, mechanics & materials"
University of Michigan,mechanicalEngineering,https://me.engin.umich.edu/,Black,Man,Jerard Gordon,Assistant Professor,https://me.engin.umich.edu/people/faculty/jerard-gordon/,https://academicphotos.s3.amazonaws.com/mechanicalEngineering/University_of_Michigan/Jerard_Gordon_.jpg,"manufacturing, mechanics & materials"
University of Michigan,mechanicalEngineering,https://me.engin.umich.edu/,Hispanic,Man,Jon Estrada,Assistant Professor,https://me.engin.umich.edu/people/faculty/jon-estrada/,https://academicphotos.s3.amazonaws.com/mechanicalEngineering/University_of_Michigan/Jon_Estrada.jpg,"biomechanics & biosystems engineering, mechanics & materials"
University of Michigan,mechanicalEngineering,https://me.engin.umich.edu/,Black,Woman,Nakhiah Goulbourne,Associate Professor,https://me.engin.umich.edu/people/faculty/nakhiah-goulbourne/,https://academicphotos.s3.amazonaws.com/mechanicalEngineering/University_of_Michigan/Nakhiah_Goulbourne.jpg,"mechanics of polymers, biological membranes"
University of Michigan,mechanicalEngineering,https://me.engin.umich.edu/,Black,Woman,Rhima Coleman,Associate Professor,https://me.engin.umich.edu/people/faculty/rhima-coleman/,https://academicphotos.s3.amazonaws.com/mechanicalEngineering/University_of_Michigan/Rhima_Coleman.jpg,2 key areas of manipulating cell behavior for cartilage tissue regeneration: 1) genetic reprogramming of cells; and 2) cell-matrix interactions
University of Michigan,mechanicalEngineering,https://me.engin.umich.edu/,Black,Man,Solomon Adera,Assistant Professor,https://me.engin.umich.edu/people/faculty/solomon-adera/,https://academicphotos.s3.amazonaws.com/mechanicalEngineering/University_of_Michigan/Solomon_Adera.jpg,"energy, fluids"
University of Michigan,mechanicalEngineering,https://me.engin.umich.edu/,Black,Man,Uduak Inyangudoh,Assistant Professor,https://me.engin.umich.edu/people/faculty/uduak-inyang-udoh/,https://academicphotos.s3.amazonaws.com/mechanicalEngineering/University_of_Michigan/Uduak_Inyang-Udoh.jpg,"controls, energy"
University of Minnesota,mechanicalEngineering,https://www.me.umn.edu/,Black,Man,Andrew Alleyne,Professor,https://cse.umn.edu/me/andrew-alleyne,https://academicphotos.s3.amazonaws.com/mechanicalEngineering/University_of_Minnesota/Andrew_Alleyne.jpg,"autonomous systems and artificial intelligence, control theory and applications"
University of Minnesota,mechanicalEngineering,https://www.me.umn.edu/,Black,Man,Marien Simeni,Richard and Barbara Nelson Assistant Professor,https://cse.umn.edu/me/marien-simeni,https://academicphotos.s3.amazonaws.com/mechanicalEngineering/University_of_Minnesota/Marien_Simeni.jpg,"non-equilibrium plasma kinetics and energy transfers, plasma diagnostics"
University of Mississippi,mechanicalEngineering,https://engineering.olemiss.edu/mechanical/,Black,Woman,Viola Acoff,Professor,https://engineering.olemiss.edu/people-viola-acoff/,https://academicphotos.s3.amazonaws.com/mechanicalEngineering/University_of_Mississippi/Viola_Acoff.jpg,"additive manufacturing, welding metallurgy"
University of Missouri,mechanicalEngineering,https://engineering.missouri.edu/academics/mae/,Black,Man,Reginald E. Rogers JR,Associate Professor,https://engineering.missouri.edu/faculty/reginald-e-rogers-jr/,https://academicphotos.s3.amazonaws.com/mechanicalEngineering/University_of_Missouri/Reginald_E_Rogers_Jr..jpg,improved water resources using novel nanomaterials (e.g. carbon nanotubes)
University of Nebraska-Lincoln,mechanicalEngineering,https://engineering.unl.edu/mme/,Hispanic,Woman,Lucia Fernandez-Ballester,Assistant Professor,https://engineering.unl.edu/mme/lucia-fernandez-ballester/,https://academicphotos.s3.amazonaws.com/mechanicalEngineering/University_of_Nebraska%C3%83%C2%A2%C3%A2%E2%80%9A%C2%AC%C3%A2%E2%82%AC%C5%93Lincoln/Lucia_Fernandez-Ballester.jpg,"conducting polymers for energy applications, life cycle, sustainability, and environmental impact of polymers"
"University of Nevada, Reno",mechanicalEngineering,https://www.unr.edu/mechanical-engineering,Black,Man,Erick C. Jones,Professor,https://www.unr.edu/engineering/about/deans-office/jones,"https://academicphotos.s3.amazonaws.com/mechanicalEngineering/University_of_Nevada,_Reno/Erick_C_Jones.jpeg","rfid, six sigma"
University of New Hampshire,mechanicalEngineering,https://ceps.unh.edu/mechanical-engineering,Black,Woman,Theresa Oehmke,Assistant Professor,https://ceps.unh.edu/person/theresa-oehmke,https://academicphotos.s3.amazonaws.com/mechanicalEngineering/University_of_New_Hampshire/Theresa_Oehmke.jpg,"fluid dynamics, transport phenomena"
University of Notre Dame,mechanicalEngineering,https://ame.nd.edu/,Hispanic,Man,Edgar Bolivar-Nieto,Assistant Professor,https://ame.nd.edu/faculty/edgar-bolivar-nieto/,https://academicphotos.s3.amazonaws.com/mechanicalEngineering/University_of_Notre_Dame/Edgar_Bol%C3%ADvar-Nieto.jpg,"wearable robotics, optimization"
University of Pennsylvania,mechanicalEngineering,https://www.me.upenn.edu/,Black,Woman,Ottman A. Tertuliano,Assistant Professor,https://directory.seas.upenn.edu/ottman-a-tertuliano/,https://academicphotos.s3.amazonaws.com/mechanicalEngineering/University_of_Pennsylvania/Ottman_A._Tertuliano.jpg,mechanics and materials for tissue health
University of Pittsburgh,mechanicalEngineering,https://www.engineering.pitt.edu/Departments/Mechanical-_and-Materials-Engineering/,Black,Man,Sylvanus Wosu,Associate Professor,https://www.engineering.pitt.edu/people/faculty/sylvanus-wosu/,https://academicphotos.s3.amazonaws.com/mechanicalEngineering/University_of_Pittsburgh/SYLVANUS_WOSU.jpg,"applications of laser raman spectroscopy to studying bio-composite materials, developing a model for maximizing and measuring graduate engineering diversity and equity in academic research institutions"
University of Texas at Austin,mechanicalEngineering,https://www.me.utexas.edu/,Black,Man,Ofodike Ezekoye,Professor,https://www.me.utexas.edu/people/faculty-directory/ezekoye,https://academicphotos.s3.amazonaws.com/mechanicalEngineering/University_of_Texas_at_Austin/Ofodike_Ezekoye.jpg,thermal fluids systems and transport phenomena
University of Texas at Dallas,mechanicalEngineering,https://me.utdallas.edu/,Black,Man,Yonas Tadesse,Associate Professor,https://me.utdallas.edu/people/yonas-tadesse/,https://academicphotos.s3.amazonaws.com/mechanicalEngineering/University_of_Texas_at_Dallas/Yonas_Tadesse.jpeg,"robotics, soft robotics and biomimetics"
University of Texas at El Paso,mechanicalEngineering,https://www.utep.edu/engineering/mechanical/,Hispanic,Woman,Alejandra G. Castellanos,Assistant Professor,https://expertise.utep.edu/profiles/castellanosa,https://academicphotos.s3.amazonaws.com/mechanicalEngineering/University_of_Texas_at_El_Paso/Alejandra_G._Castellanos.jpg,"composite materials, high-entropy ultra-high temperature ceramics"
University of Texas at El Paso,mechanicalEngineering,https://www.utep.edu/engineering/mechanical/,Hispanic,Woman,Anabel Renteria Marquez,Assistant Professor,https://hb2504.utep.edu/Home/Profile?username=arenteriamarq,https://academicphotos.s3.amazonaws.com/mechanicalEngineering/University_of_Texas_at_El_Paso/Anabel_Renteria_Marquez.png,"failure mode analysis, reliability assessment"
University of Texas at San Antonio,mechanicalEngineering,https://engineering.utsa.edu/mechanical/,Hispanic,Woman,Brendy Rincon Troconis,Assistant Professor,https://klesse.utsa.edu/faculty/profiles/troconis-brendy-rincon.html,https://academicphotos.s3.amazonaws.com/mechanicalEngineering/University_of_Texas_at_San_Antonio/Brendy_Rincon_Troconis.jpg,"corrosion, electrochemistry"
University of Texas at San Antonio,mechanicalEngineering,https://engineering.utsa.edu/mechanical/,Hispanic,Woman,Krystel K. Castillo,Professor,https://klesse.utsa.edu/faculty/profiles/castillo-krystel.html,https://academicphotos.s3.amazonaws.com/mechanicalEngineering/University_of_Texas_at_San_Antonio/Krystel_K._Castillo.jpg,mathematical modeling of supply chains; logistics
University of Virginia,mechanicalEngineering,https://engineering.virginia.edu/departments/mechanical-and-aerospace-engineering,Black,Man,David L. Green,Associate Professor,https://engineering.virginia.edu/faculty/david-l-green,https://academicphotos.s3.amazonaws.com/mechanicalEngineering/University_of_Virginia/David_L._Green.jpg,"colloids and interfaces, assembly and rheology"
University of Washington,mechanicalEngineering,https://www.me.washington.edu/,Black,Man,Ayokunle Olanrewaju,Assistant Professor,https://bioe.uw.edu/portfolio-items/ayokunle-olanrewaju/?portfolioCats=170,https://academicphotos.s3.amazonaws.com/mechanicalEngineering/University_of_Washington/Ayokunle_Olanrewaju.jpg,"microfluidics, capillary-driven flow"
University of Washington,mechanicalEngineering,https://www.me.washington.edu/,Black,Woman,John Aaron Palmore JR,Assistant Professor,https://www.me.washington.edu/facultyfinder/john-aaron-palmore-jr,https://academicphotos.s3.amazonaws.com/mechanicalEngineering/University_of_Washington/John_Aaron_Palmore_JR.jpg,"energy & environment, fluids"
University of Washington,mechanicalEngineering,https://www.me.washington.edu/,Hispanic,Man,Juan Carlos Del Alamo,Professor,https://www.me.washington.edu/facultyfinder/juan-carlos-del-alamo,https://academicphotos.s3.amazonaws.com/mechanicalEngineering/University_of_Washington/Juan_Carlos_del_Alamo.jpg,fluids
Virginia Commonwealth University,mechanicalEngineering,https://egr.vcu.edu/departments/mechanical/,Hispanic,Woman,Jessika Rojas,Associate Professor,https://egr.vcu.edu/directory/jessika.rojas/,https://academicphotos.s3.amazonaws.com/mechanicalEngineering/Virginia_Commonwealth_University/Jessika_Rojas.jpg,"nuclear materials, nanomaterials"
Virginia Tech,mechanicalEngineering,https://www.me.vt.edu/,Black,Man,Oumar Barry,Associate Professor,https://me.vt.edu/people/faculty/barry-oumar.html,https://academicphotos.s3.amazonaws.com/mechanicalEngineering/Virginia_Tech/Oumar_Barry.jpg,"structural dynamics, nonlinear vibration"
Washington State University,mechanicalEngineering,https://mme.wsu.edu/,Hispanic,Man,Nestor O. Perezarancibia,Associate Professor,https://mme.wsu.edu/mme-personnel-faculty/nestor-perez-arancibia/,https://academicphotos.s3.amazonaws.com/mechanicalEngineering/Washington_State_University/Néstor_O_Pérez-Arancibia.jpg,"microrobotics, microfabrication"
Wayne State University,mechanicalEngineering,https://engineering.wayne.edu/me/,Black,Man,Gbemeho Agbaglah,Assistant Professor,https://engineering.wayne.edu/profile/gy5595,https://academicphotos.s3.amazonaws.com/mechanicalEngineering/Wayne_State_University/Gbemeho_Agbaglah.jpg,"hydrodynamic instabilities, computational fluid dynamics (cfd)"
